"No value = similar as previous day for: Driving, Store and Stand/mov-ing around",,,,,,,,,,,
year,month,day,time reading paper,time on ubuntu,Driving,Store,Riding Car Eyes,Comment,scooter driving,scooter driving 2,scooter riding
2015,11,25,,,7,,,,,,
,,26,,,,,,,,,
,,27,,,,,,,,,
,,28,,,105,,,,,,
,,29,,,105,,,,,,
,,30,,,15,,,,,,
,12,1,,,,,,,,,
,,2,,,75,,,,,,
,,3,,,75,,,,,,
,,4,,,7,,,,,,
,,5,,,7,20,,,,,
,,6,,,,,,,,,
,,7,,,,,,,,,
,,8,,,,,,,,,
,,9,,,7,10,,,,,
,,10,,,45,,,,,,
,,11,,,12,,,,,,
,,12,,,10,,,,,,
,,13,,,10,,,,,,
,,14,,3,100,,,,,,
,,15,,,60,,,,,,
,,16,,,25,17,,,,,
,,17,,,80,,,,,,
,,18,,,15,,,,,,
,,19,,,8,,,,,,
,,20,,,60,,,,,,
,,21,,,7,13,,,,,
,,22,,,40,,,,,,
,,23,,,105,,,,,,
,,24,,,,,,,,,
,,25,,,7,,,,,,
,,26,,,7,,,,,,
,,27,,,,,,,,,
,,28,,,,,,,,,
,,29,,,,,,,,,
,,30,,,5,,,,,,
,,31,,,,,,,,,
2016,1,1,,,,,,,,,
,,2,,,105,,,,,,
,,3,,,,,,,,,
,,4,,,30,15,,,,,
,,5,,,9,,,,,,
,,6,,,,,,,,,
,,7,,,10,,,,,,
,,8,,,12,,,,,,
,,9,,,12,,,,,,
,,10,,,,,,,,,
,,11,,,28,,,,,,
,,12,,,,,,,,,
,,13,,,10,,,,,,
,,14,,,13,20,,,,,
,,15,,,10,,,,,,
,,16,,,15,,,,,,
,,17,,,12,,,,,,
,,18,,,60,,,,,,
,,19,,,15,15,,,,,
,,20,,,13,,,,,,
,,21,,,,,,,,,
,,22,,,12,,,,,,
,,23,,,,,,,,,
,,24,,,,,,,,,
,,25,,,13,,,,,,
,,26,,,9,,,,,,
,,27,,,60,,,,,,
,,28,,,,,,,,,
,,29,,,20,,,,,,
,,30,,,80,,,,,,
,,31,,,6,,,,,,
,2,1,,,10,,,,,,
,,2,,,70,,,,,,
,,3,,,10,,,,,,
,,4,,,14,,,,,,
,,5,,,23,,,,,,
,,6,,,70,,,,,,
,,7,,,10,,,,,,
,,8,,,10,,,,,,
,,9,,,10,,,,,,
,,10,,,,,,,,,
,,11,,,9,,,,,,
,,12,,,9,,,,,,
,,13,,,10,,,,,,
,,14,,,8,,,,,,
,,15,,,50,,,,,,
,,16,,,5,25,,,,,
,,17,,,,,,,,,
,,18,,,10,,,,,,
,,19,,,70,,,,,,
,,20,,,12,15,,,,,
,,21,,,70,,,,,,
,,22,,,,,,,,,
,,23,,,,,,,,,
,,24,,,,,,,,,
,,25,,,8,,,,,,
,,26,,,42,,,,,,
,,27,,,,,,,,,
,,28,,,6,,,,,,
,,29,,,40,,,,,,
,3,1,,,70,,,,,,
,,2,,,20,,,,,,
,,3,,,10,,,,,,
,,4,,,60,20,,,,,
,,5,,,8,,,,,,
,,6,,,10,,,,,,
,,7,,,100,,,,,,
,,8,,,10,,,,,,
,,9,,,18,20,,,,,
,,10,,,6,,,,,,
,,11,,,40,,,,,,
,,12,,,30,,,,,,
,,13,,,,,,,,,
,,14,,,70,,,,,,
,,15,,,8,,,,,,
,,16,,,10,,,,,,
,,17,,,10,,,,,,
,,18,,,40,,,,,,
,,19,,,90,,,,,,
,,20,,,,,,,,,
,,21,,,40,,,,,,
,,22,,240,7,20,,,,,
,,23,,,70,,,,,,
,,24,,60,8,,,,,,
,,25,,,,,,,,,
,,26,,,,,,,,,
,,27,120,,,,,,,,
,,28,,,53,,,,,,
,,29,,,16,15,,,,,
,,30,,-120,70,,,,,,
,,31,,,,,,,,,
,4,1,120,,6,15,,,,,
,,2,60,,10,,,,,,
,,3,,,60,,,,,,
,,4,,,8,,,,,,
,,5,120,,16,22,,,,,
,,6,90,,8,,,,,,
,,7,,,,,,,,,
,,8,,560,12,,,,,,
,,9,,,8,,,,,,
,,10,,,70,,,,,,
,,11,,,40,,,,,,
,,12,,-120,12,,,,,,
,,13,,,12,,,,,,
,,14,,180,120,,,,,,
,,15,,240,16,20,,,,,
,,16,,,,,,,,,
,,17,,,,,,,,,
,,18,,20,10,,,,,,
,,19,,,70,,,,,,
,,20,,,,,,,,,
,,21,,140,12,,,,,,
,,22,,20,,,,,,,
,,23,,,6,,,,,,
,,24,15,180,,,,,,,
,,25,,,13,,,,,,
,,26,60,,12,,,,,,
,,27,50,,14,20,,,,,
,,28,80,,12,,,,,,
,,29,40,,120,,,,,,
,,30,90,,12,15,,,,,
,5,1,,,,,,,,,
,,2,,,12,,,,,,
,,3,,,16,20,,,,,
,,4,150,,,,,,,,
,,6,,,,15,,,,,
,,7,150,,,,,,,,
,,8,,,45,,,,,,
,,9,,200,22,,,,,,
,,10,,480,,,,,,,
,,11,,480,22,20,,,,,
,,12,,450,22,12,,,,,
,,13,,180,12,,,,,,
,,14,,210,20,10,,,,,
,,15,,,,,,,,,
,,16,,,,,,,,,
,,17,,,120,,,,,,
,,18,,60,7,15,,,,,
,,19,120,,8,,,,,,
,,20,60,,10,,,,,,
,,21,60,,28,,,,,,
,,22,,,12,,,,,,
,,23,,,22,,,,,,
,,24,,,10,,,,,,
,,25,,,12,,,,,,
,,26,,,8,18,,,,,
,,27,,,27,,,,,,
,,28,,15,12,,,,,,
,,29,,,11,,,,,,
,,30,,,7,14,,,,,
,,31,,10,12,,,,,,
,6,1,,,,,,,,,
,,2,,,10,,,,,,
,,3,,20,,,,,,,
,,4,,20,,,,,,,
,,5,,,,,,,,,
,,6,38,,12,,,,,,
,,7,,,10,,,,,,
,,8,,,14,25,,,,,
,,9,,,,,,,,,
,,10,,,,,,,,,
,,11,,,160,,,,,,
,,12,,,170,,,,,,
,,13,,15,8,12,,,,,
,,14,,35,12,,,,,,
,,15,,,,,,,,,
,,16,,,22,,,,,,
,,17,,,,,,,,,
,,18,,,,,,,,,
,,19,,,12,,,,,,
,,20,50,,75,,,,,,
,,21,,,10,20,,,,,
,,22,,,,,,,,,
,,23,,,22,,,,,,
,,24,10,,8,20,,,,,
,,25,,,,,,,,,
,,26,,,,,,,,,
,,27,,,120,15,,,,,
,,28,,,,,,,,,
,,29,,,23,,,,,,
,,30,,,15,20,,,,,
,7,1,60,,15,,,,,,
,,2,,,,,,,,,
,,3,,,75,,,,,,
,,4,,,,,,,,,
,,5,,,12,,,,,,
,,6,,,12,,,,,,
,,7,,,25,,,,,,
,,8,,,15,,,,,,
,,9,45,,70,,,,,,
,,10,,,,,,,,,
,,11,,,25,,,,,,
,,12,,,13,,,,,,
,,13,,,15,,,,,,
,,14,,,,,,,,,
,,15,50,,6,,,,,,
,,16,,,,,,,,,
,,17,45,,,,,,,,
,,18,,,25,10,,,,,
,,19,,,12,,,,,,
,,20,,,,,,,,,
,,21,,,5,,,,,,
,,22,,,27,,,,,,
,,23,,,,,,,,,
,,24,,,13,,,,,,
,,25,,,25,,,,,,
,,26,,,12,,,,,,
,,27,,,80,15,,,,,
,,28,,,,,,,,,
,,29,,,,,,,,,
,,30,,,12,,,,,,
,,31,,,,,,,,,
,8,1,,,15,10,,,,,
,,2,,,50,,,,,,
,,3,40,,,,,,,,
,,4,,,12,20,,,,,
,,5,,,,,,,,,
,,6,,,,,,,,,
,,7,90,,,,30,,,,
,,8,120,,,,30,,,,
,,9,240,,,,45,,,,
,,10,,60,,,120,,,,
,,11,,10,,,140,,,,
,,12,,30,,,60,,,,
,,13,,20,,,80,,,,
,,14,20,,,,150,,,,
,,15,,,,,90,,,,
,,16,,,,,50,,,,
,,17,,,,,150,,,,
,,18,,,,,120,,,,
,,19,,,20,,100,,,,
,,20,,,,,10,,,,
,,21,,,,,40,,,,
,,22,,,,,20,,,,
,,23,,,,,140,,,,
,,24,,90,,,,,,,
,,25,,20,,,30,,,,
,,26,,,120,40,,,,,
,,27,,,,,,,,,
,,28,,,,,15,,,,
,,29,,,240,25,,,,,
,,30,,,550,60,,,,,
,,31,,,160,35,,,,,
,9,1,,,35,20,,,,,
,,2,,,30,10,,,,,
,,3,,,340,20,,,,,
,,4,,,340,,,,,,
,,5,,,120,25,,,,,
,,6,,,80,10,,,,,
,,7,,,45,20,,,,,
,,8,,,40,20,,,,,
,,9,,,60,20,,,,,
,,10,,,30,,,,,,
,,11,,,40,,,,,,
,,12,,,50,,,,,,
,,13,,,70,,,,,,
,,14,,,50,,,,,,
,,15,,,60,10,,,,,
,,16,,,30,,,,,,
,,17,,,80,,,,,,
,,18,,,45,15,,,,,
,,19,,,42,,,,,,
,,20,,,25,,,,,,
,,21,,,35,,,,,,
,,22,,,30,,,,,,
,,23,,,35,,,,,,
,,24,,,24,,,,,,
,,25,,,60,,,,,,
,,26,,,35,,,,,,
,,27,,,330,,,,,,
,,28,,,80,,,,,,
,,29,,,330,,,,,,
,,30,,,100,,,,,,
,10,1,,,120,,,,,,
,,2,,,90,,,,,,
,,3,,,150,,,,,,
,,4,,,100,,,,,,
,,5,,,110,,,,,,
,,6,,,160,,,,,,
,,7,,,70,,,,,,
,,8,,,50,,,,,,
,,9,,,30,,,,,,
,,10,,,50,,,,,,
,,11,,,25,,,,,,
,,12,,,25,,,,,,
,,13,,,70,,,,,,
,,14,,,45,,,,,,
,,15,,,20,,,,,,
,,16,,,240,,,,,,
,,17,,,90,,,,,,
,,18,,,25,,,,,,
,,19,,,0,,,,,,
,,20,,,15,,,,,,
,,21,,,20,,20,,,,
,,22,,,20,,,,,,
,,23,,,20,,,,,,
,,24,,,210,,,,,,
,,25,,,22,,,,,,
,,26,,,25,,,,,,
,,27,,,25,,,,,,
,,28,,,15,,,,,,
,,29,,,110,,,,,,
,,30,,,40,,,,,,
,,31,,,25,,,,,,
,11,1,,,25,,,,,,
,,2,,,25,,,,,,
,,3,,,40,,,,,,
,,4,,,40,,,,,,
,,5,,,10,,,,,,
,,6,,,25,,25,,,,
,,7,,,30,,,,,,
,,8,,,15,,40,,,,
,,9,,,30,,,,,,
,,10,,,30,,,,,,
,,11,,,25,,,,,,
,,12,,,35,,,,,,
,,13,,,30,,,,,,
,,14,,,25,,,,,,
,,15,,,20,,,,,,
,,16,,,10,,,,,,
,,17,,,20,,,,,,
,,18,,,30,,,,,,
,,19,,,20,,,,,,
,,20,,,30,,,,,,
,,21,,,30,,,,,,
,,22,,,30,,,,,,
,,23,,,30,,,,,,
,,24,,,40,,,,,,
,,25,,,20,,,,,,
,,26,,,40,,,,,,
,,27,,,40,,,,,,
,,28,,,25,,,,,,
,,29,,,50,,,,,,
,,30,,20,14,,,,,,
,12,1,40,,40,,,,,,
,,2,,,20,,,,,,
,,3,,,20,,,,,,
,,4,,,25,,,,,,
,,5,,,40,,,,,,
,,6,,,15,,,,,,
,,7,,,30,,,,,,
,,8,,,20,,,,,,
,,9,,,40,,,,,,
,,10,,,25,,,,,,
,,11,,,40,,,,,,
,,12,,,30,,,,,,
,,13,,,30,,,,,,
,,14,,,40,,,,,,
,,15,,,20,,,,,,
,,16,,,20,,,,,,
,,17,,100,20,,,,,,
,,18,,,35,,,,,,
,,19,,,20,,,,,,
,,20,,20,35,,,,,,
,,21,,,20,,,,,,
,,22,,,100,,,,,,
,,23,,,20,,,,,,
,,24,,,20,,,,,,
,,25,,,150,,,,,,
,,26,,,25,,,,,,
,,27,,,20,,,,,,
,,28,,,140,,,,,,
,,29,,,50,,,,,,
,,30,,,90,,,,,,
,,31,,,20,,,,,,
2017,1,1,,,120,,,,,,
,,2,,,30,,,,,,
,,3,,,30,,,,,,
,,4,,,330,,,,,,
,,5,,,40,,,,,,
,,6,,,35,,,,,,
,,7,,,26,,,,,,
,,8,,,25,,,,,,
,,9,,,35,,,,,,
,,10,,,35,,,,,,
,,11,,,35,,,,,,
,,12,,,25,,,,,,
,,13,35,,30,,,,,,
,,14,15,,23,,,,,,
,,15,,,34,,,,,,
,,16,,,240,,,,,,
,,17,,,180,,,,,,
,,18,,,150,,,,,,
,,19,,,80,,,,,,
,,20,,,25,,,,,,
,,21,,,50,,,,,,
,,22,,,70,,,,,,
,,23,,,45,,,,,,
,,24,,,50,,,,,,
,,25,,,30,,,,,,
,,26,,,25,,,,,,
,,27,,,26,,,,,,
,,28,,,68,,,,,,
,,29,,,20,,,,,,
,,30,,,30,,,,,,
,,31,,,25,,,,,,
,2,1,,,45,,,,,,
,,2,,,25,,,,,,
,,3,,,25,,,,,,
,,4,,,60,,,,,,
,,5,,,60,,,,,,
,,6,,,20,,,,,,
,,7,,,20,,,,,,
,,8,,,25,,,,,,
,,9,,,20,,,,,,
,,10,,,20,,,,,,
,,11,,,80,,,,,,
,,12,,,16,,,,,,
,,13,,,45,,,,,,
,,14,,,20,,,,,,
,,15,,,20,,,,,,
,,16,,,45,,,,,,
,,17,,,20,,,,,,
,,18,,,30,,,,,,
,,19,,,30,,,,,,
,,20,,,18,,,,,,
,,21,,,45,,,,,,
,,22,,,24,,,,,,
,,23,,,20,,,,,,
,,24,,,20,,,,,,
,,25,,,180,,,,,,
,,26,,,20,,,,,,
,,27,,,45,,,,,,
,,28,,,20,,,,,,
,3,1,,,50,,,,,,
,,2,,,20,,,,,,
,,3,,,20,,,,,,
,,4,,,55,,,,,,
,,5,,,35,,,,,,
,,6,,,40,,,,,,
,,7,,,20,,,,,,
,,8,,,45,,,,,,
,,9,,,25,,,,,,
,,10,,,45,,,,,,
,,11,,,80,,,,,,
,,12,,,80,,,,,,
,,13,,,45,,,,,,
,,14,,,23,,,,,,
,,15,,,30,,,,,,
,,16,,,20,,,,,,
,,17,,,60,,,,,,
,,18,,,90,,,,,,
,,19,,,90,,,,,,
,,20,,,45,,,,,,
,,21,,,20,,,,,,
,,22,,,25,,,,,,
,,23,,,20,,,,,,
,,24,,,20,,,,,,
,,25,,,100,,,,,,
,,26,,,85,,,,,,
,,27,,,50,,,,,,
,,28,,,40,,,,,,
,,29,,,20,,,,,,
,,30,,,29,,,,,,
,,31,,,25,,,,,,
,4,1,,,100,,,,,,
,,2,,,110,,,,,,
,,3,,,25,,,,,,
,,4,,,20,,,,,,
,,5,,,20,,,,,,
,,6,,,30,,,,,,
,,7,,,45,,,,,,
,,8,,,150,,,,,,
,,9,,,150,,,,,,
,,10,,,50,,,,,,
,,11,,,20,,,,,,
,,12,,,23,,,,,,
,,13,,,30,,,,,,
,,14,,,50,,,,,,
,,15,,,110,,,,,,
,,16,,,70,,,,,,
,,17,,,45,,,,,,
,,18,,,20,,,,,,
,,19,,,20,,,,,,
,,20,,,20,,,,,,
,,21,,,45,,,,,,
,,22,,,95,,,,,,
,,23,,,95,,,,,,
,,24,,,45,,,,,,
,,25,,,23,,,,,,
,,26,,,20,,,,,,
,,27,,,20,,,,,,
,,28,,,20,,,,,,
,,29,,,40,,,,,,
,,30,,,20,,,,,,
,5,1,,,24,,,,,,
,,2,,,24,,,,,,
,,3,,,24,,,,,,
,,4,,,25,,,,,,
,,5,,,25,,,,,,
,,6,,,37,,,,,,
,,7,,,20,,,,,,
,,8,,,33,,,,,,
,,9,,,20,,,,,,
,,10,,,20,,,,,,
,,11,,,20,,,,,,
,,12,,,20,,,,,,
,,13,,,90,,,,,,
,,14,,,90,,,,,,
,,15,,,37,,,,,,
,,16,,,20,,,,,,
,,17,,,24,,,,,,
,,18,,,22,,,,,,
,,19,,,35,,,,,,
,,20,,,120,,,,,,
,,21,,,110,,,,,,
,,22,,,30,,,,,,
,,23,,,20,,,,,,
,,24,,,24,,,,,,
,,25,,,20,,,,,,
,,26,,,20,,,,,,
,,27,,,20,,,,,,
,,28,,,30,,,,,,
,,29,,,18,,,,,,
,,30,,,20,,,,,,
,,31,,,20,,,,,,
,6,1,,,10,,,,,,
,,2,,,0,,28,,,,
,,3,,,0,,,,,,
,,4,,,0,,25,,,,
,,5,,,15,,,,,,
,,6,,,0,,,,,,
,,7,,,15,,,,,,
,,8,,,0,,,,,,
,,9,,,15,,,,,,
,,10,,,0,,,,,,
,,11,,,0,,,,,,
,,12,,,12,,,,,,
,,13,,,12,,,,,,
,,14,,,10,,,,,,
,,15,,,0,,,,,,
,,16,,,0,,110,,,,
,,17,,,0,,15,,,,
,,18,,,0,,110,,,,
,,19,,,15,,,,,,
,,20,,,0,,20,,,,
,,21,,,0,,,,,,
,,22,,,20,,,,,,
,,23,,,20,,,,,,
,,24,,,27,,,,,,
,,25,,,15,,,,,,
,,26,,,25,,,,,,
,,27,,,20,,,,,,
,,28,,,25,,40,,,,
,,29,,,25,,40,,,,
,,30,,,20,,,,,,
,7,1,,,28,,,,,,
,,2,,,28,,,,,,
,,3,,,20,,,,,,
,,4,,,25,,,,,,
,,5,,,20,,,,,,
,,6,,,20,,,,,,
,,7,,,20,,,,,,
,,8,,,120,,,,,,
,,9,,,20,,,,,,
,,10,,,20,,,,,,
,,11,15,,20,,,,,,
,,12,,,35,,,,,,
,,13,,,20,,,,,,
,,14,,,20,,,,,,
,,15,,,40,,,,,,
,,16,,,20,,,,,,
,,17,,,20,,,,,,
,,18,,,20,,,,,,
,,19,,,20,,,,,,
,,20,,,20,,,,,,
,,21,,,27,,,,,,
,,22,,,30,,,,,,
,,23,,,30,,,,,,
,,24,,,20,,,,,,
,,25,,,20,,,,,,
,,26,,,20,,,,,,
,,27,,,20,,,,,,
,,28,,,20,,,,,,
,,29,,,35,,,,,,
,,30,,,20,,,,,,
,,31,,,30,,,,,,
,8,1,,,20,,,,,,
,,2,,,20,,,,,,
,,3,,,20,,,,,,
,,4,,,20,,,,,,
,,5,,,45,,,,,,
,,6,,,15,,,,,,
,,7,,,25,,,,,,
,,8,,,25,,5,,,,
,,9,,,27,,,,,,
,,10,,,27,,,,,,
,,11,,,13,,240,,,,
,,12,,,0,,120,,,,
,,13,,,0,,240,,,,
,,14,,,20,,14,,,,
,,15,,,0,,40,,,,
,,16,,,0,,40,,,,
,,17,,,20,,,,,,
,,18,,,0,,180,,,,
,,19,,,,,30,,,,
,,20,,,,,30,,,,
,,21,,,10,,210,,,,
,,22,,,20,,,,,,
,,23,,,22,,,,,,
,,24,,,20,,,,,,
,,25,,,10,,,,,,
,,26,,,20,,,,,,
,,27,,,10,,,,,,
,,28,,,10,,,,,,
,,29,,,15,,,,,,
,,30,,,12,,,,,,
,,31,,,100,,,,,,
,9,1,,,25,,,,,,
,,2,,,34,,,,,,
,,3,,,25,,,,,,
,,4,,,25,,,,,,
,,5,,,23,,,,,,
,,6,,,25,,,,,,
,,7,,,25,,,,,,
,,8,,,120,,,,,,
,,9,,,25,,,,,,
,,10,,,24,,,,,,
,,11,,,25,,,,,,
,,12,,,25,,,,,,
,,13,,,20,,,,,,
,,14,,,28,,,,,,
,,15,,,30,,,,,,
,,16,,,120,,,,,,
,,17,,,85,,,,,,
,,18,,,27,,,,,,
,,19,,,25,,,,,,
,,20,,,25,,,,,,
,,21,,,25,,,,,,
,,22,,,130,,,,,,
,,23,,,13,,,,,,
,,24,,,85,,,,,,
,,25,,,20,,,,,,
,,26,,,20,,,,,,
,,27,,,45,,,,,,
,,28,,,20,,,,,,
,,29,,,20,,,,,,
,,30,,,26,,,,,,
,10,1,,,30,,,,,,
,,2,,,40,,,,,,
,,3,,,25,,,,,,
,,4,,,25,,,,,,
,,5,,,25,,,,,,
,,6,,,25,,,,,,
,,7,,,25,,,,,,
,,8,,,25,,,,,,
,,9,,,25,,,,,,
,,10,,,25,,,,,,
,,11,,,25,,,,,,
,,12,,,25,,,,,,
,,13,,,25,,,,,,
,,14,,,25,,,,,,
,,15,,,25,,,,,,
,,16,,,40,,,,,,
,,17,,,25,,,,,,
,,18,,,25,,,,,,
,,19,,,30,,,,,,
,,20,,,25,,,,,,
,,21,,,30,,,,,,
,,22,,,30,,,,,,
,,23,,,20,,,,,,
,,24,,,30,,,,,,
,,25,,,25,,,,,,
,,26,,,25,,,,,,
,,27,,,25,,,,,,
,,28,,,25,,,,,,
,,29,,,25,,,,,,
,,30,,,25,,,,,,
,,31,,,25,,,,,,
,11,1,,,25,,,,,,
,,2,,,25,,,,,,
,,3,,,25,,,,,,
,,4,,,25,,,,,,
,,5,,,100,,,,,,
,,6,,,0,,,,,,
,,7,,,7,,,,,,
,,8,,,15,,,,,,
,,9,,,10,,,,,,
,,10,,,18,,,,,,
,,11,,,0,,16,,,,
,,12,,,10,,,,,,
,,13,,,8,,,,,,
,,14,,,,,30,,,,
,,15,,,,,,,,,
,,16,,,27,,,,,,
,,17,,,12,,,,,,
,,18,,,220,,,,,,
,,19,,,120,,,,,,
,,20,,,150,,,,,,
,,21,,,20,,,,,,
,,22,,,20,,,,,,
,,23,,,100,,,,,,
,,24,,,150,,,,,,
,,25,,,120,,,,,,
,,26,,,100,,,,,,
,,27,,,20,,,,,,
,,28,,,90,,,,,,
,,29,,,15,,,,,,
,,30,,,15,,,,,,
,12,1,,,15,,,,,,
,,2,,,40,,,,,,
,,3,,,15,,,,,,
,,4,,,40,,,,,,
,,5,,,15,,,,,,
,,6,,,15,,,,,,
,,7,,,15,,,,,,
,,8,,,16,,,,,,
,,9,,,210,,,,,,
,,10,,,60,,,,,,
,,11,,,15,,,,,,
,,12,,,15,,,,,,
,,13,,,50,,,,,,
,,14,,,50,,,,,,
,,15,,,33,,,,,,
,,16,,,15,,,,,,
,,17,,,40,,,,,,
,,18,,,40,,,,,,
,,19,,,40,,,,,,
,,20,,,18,,,,,,
,,21,,,24,,,,,,
,,22,,,24,,,,,,
,,23,,,15,,,,,,
,,24,,,40,,,,,,
,,25,,,0,,20,,,,
,,26,,,45,,,,,,
,,27,,,22,,,,,,
,,28,,,15,,,,,,
,,29,,,45,,,,,,
,,30,,,30,,,,,,
,,31,,,45,,,,,,
2018,1,1,,,25,,,,,,
,,2,,,25,,,,,,
,,3,,,35,,,,,,
,,4,,,35,,,,,,
,,5,,,20,,,,,,
,,6,,,23,,,,,,
,,7,,,75,,,,,,
,,8,,,17,,,,,,
,,9,,,17,,,,,,
,,10,,,25,,,,,,
,,11,,,55,,,,,,
,,12,,,23,,,,,,
,,13,,,20,,,,,,
,,14,,,60,,,,,,
,,15,,,60,,,,,,
,,16,,,15,,,,,,
,,17,,,60,,,,,,
,,18,,,20,,,,,,
,,19,,,60,,,,,,
,,20,,,17,,,,,,
,,21,,,35,,,,,,
,,22,,,60,,,,,,
,,23,,,17,,,,,,
,,24,,,60,,,,,,
,,25,,,20,,,,,,
,,26,,,20,,,,,,
,,27,,,120,,30,,,,
,,28,,,20,,50,,,,
,,29,,,40,,,,,,
,,30,,,0,,23,,,,
,,31,,,0,,40,,,,
,2,1,,,60,,25,,,,
,,2,,,80,,,,,,
,,3,,,80,,,,,,
,,4,,,20,,10,,,,
,,5,,,10,,10,,,,
,,6,,,,,15,,,,
,,7,,,45,,15,,,,
,,8,,,50,,,,,,
,,9,,,20,,,,,,
,,10,,,24,,,,,,
,,11,,,24,,,,,,
,,12,,,25,,,,,,
,,13,,,25,,,,,,
,,14,,,20,,,,,,
,,15,,,21,,,,,,
,,16,,,23,,,,,,
,,17,,,23,,,,,,
,,18,,,23,,,,,,
,,19,,,23,,,,,,
,,20,,,80,,,,,,
,,21,,,40,,,,,,
,,22,,,20,,,,,,
,,23,,,90,,,,,,
,,24,,,90,,,,,,
,,25,,,90,,,,,,
,,26,,,20,,,,,,
,,27,,,40,,,,,,
,,28,,,50,,,,,,
,3,1,,,20,,,,,,
,,2,,,20,,,,,,
,,3,,,20,,,,,,
,,4,,,20,,,,,,
,,5,,,20,,,,,,
,,6,,,20,,,,,,
,,7,,,20,,,,,,
,,8,,,50,,,,,,
,,9,,,50,,,,,,
,,10,,,20,,,,,,
,,11,,,45,,,,,,
,,12,,,20,,,,,,
,,13,,,30,,,,,,
,,14,,,45,,,,,,
,,15,,,28,,,,,,
,,16,,,28,,,,,,
,,17,,,28,,,,,,
,,18,,,20,,,,,,
,,19,,,20,,,,,,
,,20,,,24,,,,,,
,,21,,,20,,,,,,
,,22,,,20,,,,,,
,,23,,,120,,,,,,
,,24,,,40,,,,,,
,,25,,,60,,,,,,
,,26,,,20,,,,,,
,,27,,,25,,,,,,
,,28,,,34,,,,,,
,,29,,,20,,,,,,
,,30,,,45,,,,,,
,,31,,,170,,,,,,
,4,1,,,25,,,,,,
,,2,,,30,,,,,,
,,3,,,240,,,,,,
,,4,,,120,,,,,,
,,5,,,25,,,,,,
,,6,,,60,,,,,,
,,7,,,25,,,,,,
,,8,,,25,,,,,,
,,9,,,25,,,,,,
,,10,,,25,,,,,,
,,11,,,25,,,,,,
,,12,,,20,,,,,,
,,13,,,25,,,,,,
,,14,,,70,,,,,,
,,15,,,28,,,,,,
,,16,,,45,,,,,,
,,17,,,45,,,,,,
,,18,,,25,,,,,,
,,19,,,25,,,,,,
,,20,,,45,,,,,,
,,21,,,25,,,,,,
,,22,,,25,,,,,,
,,23,,,45,,,,,,
,,24,,,45,,,,,,
,,25,,,25,,,,,,
,,26,,,45,,,,,,
,,27,,,360,,,,,,
,,28,,,120,,,,,,
,,29,,,25,,,,,,
,,30,,,40,,,,,,
,5,1,,,25,,,,,,
,,2,,,25,,,,,,
,,3,,,35,,,,,,
,,4,,,35,,,,,,
,,5,,,85,,,,,,
,,6,,,0,,50,,,,
,,7,,,11,,220,,,,
,,8,,,0,,45,,,,
,,9,,,0,,70,,,,
,,10,,,0,,40,,,,
,,11,,,0,,240,,,,
,,12,,,15,,,,,,
,,13,,,,,,,,,
,,14,,,24,,,,,,
,,15,,,19,,,,,,
,,16,,,12,,,,,,
,,17,,,12,,,,,,
,,18,,,0,,,,,,
,,19,,,0,,,,,,
,,20,,,12,,,,,,
,,21,,,22,,,,,,
,,22,,,22,,,,,,
,,23,,,15,,,,,,
,,24,,,150,,150,,,,
,,25,,,,,,,,,
,,26,,,,,25,,,,
,,27,,,,,50,,,,
,,28,,,100,,,,,,
,,29,,,25,,,,,,
,,30,,,25,,,,,,
,,31,,,25,,,,,,
,6,1,,,25,,,,,,
,,2,,,25,,,,,,
,,3,,,25,,,,,,
,,4,,,25,,,,,,
,,5,,,25,,,,,,
,,6,,,25,,,,,,
,,7,,,25,,,,,,
,,8,,,250,,,,,,
,,9,,,15,,,,,,
,,10,,,55,,,,,,
,,11,,,210,,,,,,
,,12,,,35,,,,,,
,,13,,,34,,,,,,
,,14,,,40,,,,,,
,,15,,,20,,,,,,
,,16,,,40,,,,,,
,,17,,,30,,,,,,
,,18,,,40,,,,,,
,,19,,,25,,,,,,
,,20,,,25,,,,,,
,,21,,,35,,,,,,
,,22,,,25,,,,,,
,,23,,,40,,,,,,
,,24,,,20,,,,,,
,,25,,,25,,,,,,
,,26,,,25,,,,,,
,,27,,,25,,,,,,
,,28,,,25,,,,,,
,,29,,,35,,,,,,
,,30,,,40,,,,,,
,7,1,,,140,,,,,,
,,2,,,30,,,,,,
,,3,,,25,,,,,,
,,4,,,25,,,,,,
,,5,,,25,,,,,,
,,6,,,25,,,,,,
,,7,,,25,,,,,,
,,8,,,25,,,,,,
,,9,,,25,,,,,,
,,10,,,25,,,,,,
,,11,,,25,,,,,,
,,12,,,40,,,,,,
,,13,,,25,,,,,,
,,14,,,40,,,,,,
,,15,,,35,,,,,,
,,16,,,40,,,,,,
,,17,,,15,,,,,,
,,18,,,90,,,,,,
,,19,,,280,,,,,,
,,20,,,23,,,,,,
,,21,,,120,,,,,,
,,22,,,100,,,,,,
,,23,,,24,,,,,,
,,24,,,20,,,,,,
,,25,,,150,,,,,,
,,26,,,30,,,,,,
,,27,,,40,,,,,,
,,28,,,27,,,,,,
,,29,,,25,,,,,,
,,30,,,14,,,,,,
,,31,,,20,,,,,,
,8,1,,,20,,,,,,
,,2,,,20,,,,,,
,,3,,,20,,,,,,
,,4,,,45,,,,,,
,,5,,,35,,,,,,
,,6,,,20,,,,,,
,,7,,,20,,,,,,
,,8,,,30,,,,,,
,,9,,,20,,,,,,
,,10,,,180,,,,,,
,,11,,,180,,90,,,,
,,12,,,,,60,,,,
,,13,,,23,,25,,,,
,,14,,,40,,,,,,
,,15,,,20,,,,,,
,,16,,,20,,,,,,
,,17,,,20,,,,,,
,,18,,,40,,,,,,
,,19,,,20,,,,,,
,,20,,,20,,,,,,
,,21,,,30,,,,,,
,,22,,,25,,,,,,
,,23,,,25,,,,,,
,,24,,,25,,,,,,
,,25,,,90,,,,,,
,,26,,,120,,,,,,
,,27,,,150,,,,,,
,,28,,,25,,,,,,
,,29,,,25,,,,,,
,,30,,,25,,,,,,
,,31,,,25,,,,,,
,9,1,,,100,,,,,,
,,2,,,15,,120,,,,
,,3,,,0,,,,,,
,,4,,,0,,30,,,,
,,5,,,0,,25,,,,
,,6,,,10,,180,,,,
,,7,,,30,,,,,,
,,8,,,120,,,,,,
,,9,,,25,,,,,,
,,10,,,35,,,,,,
,,11,,,55,,,,,,
,,12,,,30,,,,,,
,,13,,,35,,,,,,
,,14,,,25,,,,,,
,,15,,,80,,,,,,
,,16,,,25,,,,,,
,,17,,,25,,,,,,
,,18,,,25,,,,,,
,,19,,,30,,,,,,
,,20,,,30,,,,,,
,,21,,,30,,,,,,
,,22,,,25,,,,,,
,,23,,,25,,,,,,
,,24,,,25,,,,,,
,,25,,,240,,,,,,
,,26,,,30,,,,,,
,,27,,,25,,,,,,
,,28,,,25,,,,,,
,,29,,,35,,,,,,
,,30,,,25,,,,,,
,10,1,,,35,,,,,,
,,2,,,25,,,,,,
,,3,,,25,,,,,,
,,4,,,30,,,,,,
,,5,,,30,,,,,,
,,6,,,30,,,,,,
,,7,,,25,,,,,,
,,8,,,25,,,,,,
,,9,,,20,,,,,,
,,10,,,25,,,,,,
,,11,,,25,,,,,,
,,12,,,25,,,,,,
,,13,,,25,,,,,,
,,14,,,25,,,,,,
,,15,,,260,,,,,,
,,16,,,30,,,,,,
,,17,,,20,,,,,,
,,18,,,25,,,,,,
,,19,,,25,,,,,,
,,20,,,25,,,,,,
,,21,,,25,,,,,,
,,22,,,25,,,,,,
,,23,,,150,,,,,,
,,24,,,20,,,,,,
,,25,,,20,,,,,,
,,26,,,20,,,,,,
,,27,,,25,,,,,,
,,28,,,50,,,,,,
,,29,,,20,,,,,,
,,30,,,20,,,,,,
,,31,,,20,,,,,,
,11,1,,,90,,,,,,
,,2,,,30,,,,,,
,,3,,,240,,,,,,
,,4,,,180,,,,,,
,,5,,,10,,30,,,,
,,6,,,0,,40,,,,
,,7,,,10,,25,,,,
,,8,,,20,,,,,,
,,9,,,15,,,,,,
,,10,,,15,,,,,,
,,11,,,15,,,,,,
,,12,,,15,,,,,,
,,13,,,25,,,,,,
,,14,,,30,,,,,,
,,15,,,20,,,,,,
,,16,,,90,,,,,,
,,17,,,25,,,,,,
,,18,,,20,,,,,,
,,19,,,25,,,,,,
,,20,,,25,,,,,,
,,21,,,25,,,,,,
,,22,,,25,,,,,,
,,23,,,20,,,,,,
,,24,,,30,,,,,,
,,25,,,30,,,,,,
,,26,,,35,,,,,,
,,27,,,30,,,,,,
,,28,,,30,,,,,,
,,29,,,20,,,,,,
,,30,,,30,,,,,,
,12,1,,,20,,,,,,
,,2,,,30,,,,,,
,,3,,,30,,,,,,
,,4,,,30,,,,,,
,,5,,,25,,,,,,
,,6,,,30,,,,,,
,,7,,,25,,,,,,
,,8,,,25,,,,,,
,,9,,,25,,,,,,
,,10,,,25,,,,,,
,,11,,,25,,,,,,
,,12,,,25,,,,,,
,,13,,,25,,,,,,
,,14,,,25,,,,,,
,,15,,,25,,,,,,
,,16,,,15,,,,,,
,,17,,,35,,,,,,
,,18,,,40,,,,,,
,,19,,,20,,,,,,
,,20,,,25,,,,,,
,,21,,,25,,,,,,
,,22,,,25,,,,,,
,,23,,,400,,,,,,
,,24,,,40,,,,,,
,,25,,,30,,,,,,
,,26,,,40,,,,,,
,,27,,,45,,,,,,
,,28,,,27,,,,,,
,,29,,,45,,,,,,
,,30,,,40,,,,,,
,,31,,,30,,,,,,
2019,1,1,,,20,,,,,,
,,2,,,40,,,,,,
,,3,,,40,,,,,,
,,4,,,50,,,,,,
,,5,,,20,,,,,,
,,6,,,20,,,,,,
,,7,,,45,,,,,,
,,8,,,25,,,,,,
,,9,,,25,,,,,,
,,10,,,45,,,,,,
,,11,,,45,,,,,,
,,12,,,10,,,,,,
,,13,,,45,,,,,,
,,14,,,20,,,,,,
,,15,,,25,,,,,,
,,16,,,480,,,,,,
,,17,,,45,,,,,,
,,18,,,45,,,,,,
,,19,,,40,,,,,,
,,20,,,40,,,,,,
,,21,,,18,,,,,,
,,22,,,20,,,,,,
,,23,,,100,,,,,,
,,24,,,100,,,,,,
,,25,,,15,,,,,,
,,26,,,28,,,,,,
,,27,,,80,,,,,,
,,28,,,60,,,,,,
,,29,,,20,,,,,,
,,30,,,360,,,,,,
,,31,,,40,,,,,,
,2,1,,,30,,,,,,
,,2,,,38,,,,,,
,,3,,,35,,,,,,
,,4,,,0,,,,,,
,,5,,,0,,,,,,
,,6,,,0,,,,,,
,,7,,,0,,30,,,,
,,8,,,0,,10,,,,
,,9,,,25,,,,,,
,,10,,,150,,,,,,
,,11,,,250,,,,,,
,,12,,,0,,60,,,,
,,13,,,,,30,,,,
,,14,,,,,30,,,,
,,15,,,15,,,,,,
,,16,,,,,,,,,
,,17,,,,,30,,,,
,,18,,,10,,,,,,
,,19,,,,,15,,,,
,,20,,,,,15,,,,
,,21,,,,,4,,,,
,,22,,,10,,,,,,
,,23,,,,,,,,,
,,24,,,,,10,,,,
,,25,,,20,,100,,,,
,,26,,,110,,30,,,,
,,27,,,,,,,,,
,,28,,,,,,,,,
,3,1,,,,,,,,,
,,2,,,,,30,,,,
,,3,,,,,,,,,
,,4,,,30,,,,,,
,,5,,,,,,,,,
,,6,,,,,,,,,
,,7,,,,,,,,,
,,8,,,25,,,,,,
,,9,,,20,,,,,,
,,10,,,,,40,,,,
,,11,,,,,25,,,,
,,12,,,,,,,,,
,,13,,,,,,,,,
,,14,,,,,,,,,
,,15,,,20,,90,,10,,
,,16,,,,,,,30,,
,,17,,,,,,,50,,
,,18,,,,,,,30,,
,,19,,,,,,,40,,
,,20,,,,,40,,,,
,,21,,,,,20,,,,
,,22,,,,,60,,,,
,,23,,,,,,,30,,
,,24,,,,,,,20,,
,,25,,,,,,,20,,
,,26,,,,,,,20,,
,,27,,,,,,,18,,
,,28,,,,,,,25,,
,,29,,,,,,,25,,
,,30,,,,,,,25,,
,,31,,,,,,,25,,
,4,1,,,,,,,35,,
,,2,,,,,,,18,,
,,3,,,,,,,25,,
,,4,,,,,,,23,,
,,5,,,,,,,20,,
,,6,,,,,,,190,30,
,,7,,,,,,,20,,
,,8,,,,,,,20,,
,,9,,,,,,,25,,
,,10,,,20,,60,,5,,
,,11,,,120,,,,,,
,,12,,,60,,,,,,
,,13,,,120,,,,,,
,,14,,,60,,,,,,
,,15,,,,,30,,20,,
,,16,,,,,,,20,,
,,17,,,,,,,15,,
,,18,,,,,,,15,,
,,19,,,,,,,15,,
,,20,,,,,,,10,,
,,21,,,,,,,35,,
,,22,,,,,,,20,,
,,23,,,,,,,20,,
,,24,,,,,,,20,,
,,25,,,,,,,20,,
,,26,,,,,,,20,,
,,27,,,,,,,20,,
,,28,,,200,,,,,,
,,29,,,60,,,,,,
,,30,,,220,,,,,,
,5,1,,,,,,,30,,
,,2,,,,,,,20,,
,,3,,,,,,,130,,
,,4,,,,,,,25,,
,,5,,,,,,,35,,
,,6,,,,,,,15,,
,,7,,,,,,,20,,
,,8,,,,,,,20,,
,,9,,,,,,,20,,
,,10,,,,,,,20,,
,,11,,,,,,,60,,
,,12,,,,,,,170,60,
,,13,,,,,,,30,,
,,14,,,,,,,20,,
,,15,,,,,,,20,,
,,16,,,,,,,20,,
,,17,,,,,,,20,,
,,18,,,,,,,20,,
,,19,,,,,,,20,,
,,20,,,,,,,20,,
,,21,,,,,,,20,,
,,22,,,,,,,20,,
,,23,,,,,,,20,,
,,24,,,,,,,20,,
,,25,,,240,,,,,,
,,26,,,,,,,,,
,,27,,,180,,,,,,
,,28,,,,,,,20,,
,,29,,,,,,,20,,
,,30,,,,,,,20,,
,,31,,,,,,,20,,
,6,1,,,,,,,20,,
,,2,,,,,,,20,,
,,3,,,,,,,20,,
,,4,,,,,,,20,,
,,5,,,,,,,20,,
,,6,,,,,,,20,,
,,7,,,,,,,20,,
,,8,,,,,,,20,,
,,9,,,,,,,20,,
,,10,,,,,,,20,,
,,11,,,,,,,20,,
,,12,,,,,70,,20,,
,,13,,,,,,,,,
,,14,,,,,,,,,
,,15,,,,,20,,,,
,,16,,,,,,,,,
,,17,,,160,,,,,,
,,18,,,70,,,,,,
,,19,,,300,,,,,,
,,20,,,,,,,,,
,,21,,,,,,,,,
,,22,,,,,,,,,
,,23,,,,,30,,,,
,,24,,,,,,,45,,
,,25,,,,,,,20,,
,,26,,,,,,,20,,
,,27,,,,,,,25,,
,,28,,,,,,,25,,
,,29,,,,,,,25,,
,,30,,,,,,,25,,
,7,1,,,,,,,25,,
,,2,,,,,,,25,,
,,3,,,,,,,25,,
,,4,,,,,,,30,,
,,5,,,,,,,30,,
,,6,,,,,,,30,,
,,7,,,,,,,30,,
,,8,,,,,,,30,,
,,9,,,,,,,30,,
,,10,,,,,,,30,,
,,11,,,,,,,30,,
,,12,,,,,,,80,,
,,13,,,240,,,,,,
,,14,,,210,,,,,,
,,15,,,,,,,20,,
,,16,,,,,,,20,,
,,17,,,,,,,25,,
,,18,,,,,,,25,,
,,19,,,,,,,25,,
,,20,,,,,20,,,,
,,21,,,,,,,,,
,,22,,,,,,,,,
,,23,,,,,,,30,,
,,24,,,,,,,30,,
,,25,,,,,,,30,,
,,26,,,,,,,30,,
,,27,,,,,,,30,,
,,28,,,,,,,40,,
,,29,,,,,,,40,,
,,30,,,,,,,25,,
,,31,,,,,,,25,,
,8,1,,,,,,,25,,
,,2,,,,,,,25,,
,,3,,,,,,,25,,
,,4,,,,,,,25,,
,,5,,,,,,,25,,
,,6,,,,,,,25,,
,,7,,,,,,,25,,
,,8,,,,,120,,25,,
,,9,,,,,,,25,,
,,10,,,180,,,,,,
,,11,,,180,,,,,,
,,12,,,,,,,30,,
,,13,,,,,,,25,,
,,14,,,,,,,25,,
,,15,,,,,,,25,,
,,16,,,,,,,25,,
,,17,,,,,,,25,,
,,18,,,,,,,25,,
,,19,,,,,,,45,,
,,20,,,,,,,45,,
,,21,,,,,,,25,,
,,22,,,,,,,25,,
,,23,,,,,,,25,,
,,24,,,,,45,,100,60,
,,25,,,,,45,,100,60,
,,26,,,,,,,25,,
,,27,,,,,,,25,,
,,28,,,,,,,25,,
,,29,,,,,,,25,,
,,30,,,,,,,25,,
,,31,,,,,,,25,,
,9,1,,,,,,,25,,
,,2,,,,,,,25,,
,,3,,,,,,,25,,
,,4,,,,,,,25,,
,,5,,,,,,,25,,
,,6,,,,,,,25,,
,,7,,,,,,,25,,
,,8,,,,,120,,80,120,
,,9,,,,,,,25,,
,,10,,,,,,,25,,
,,11,,,,,,,25,,
,,12,,,,,,,25,,
,,13,,,,,,,25,,
,,14,,,,,,,25,,
,,15,,,,,120,,,,
,,16,,,,,,,,,
,,17,,,,,30,,,,
,,18,,,,,,,,,
,,19,,,18,,,,,,
,,20,,,90,,,,,,
,,21,,,5,,60,,,,
,,22,,,90,,20,,,,
,,23,,,15,,,,,,
,,24,,,15,,,,,,
,,25,,,,,,,,,
,,26,,,,,,,,,
,,27,,,70,,,,,,
,,28,,,,,,,,,
,,29,,,180,,15,,,,
,,30,,,210,,,,,,
,10,1,,,10,,,,,,
,,2,,,10,,,,,,
,,3,,,35,,,,,,
,,4,,,10,,,,,,
,,5,,,10,,,,,,
,,6,,,,,30,,,,
,,7,,,,,10,,,,
,,8,,,180,,,,,,
,,9,,,20,,50,,,,
,,10,,,,,,,15,,
,,11,,,,,,,35,,
,,12,,,,,,,20,,
,,13,,,,,,,25,,
,,14,,,,,,,20,,
,,15,,,,,,,20,,
,,16,,,,,,,20,,
,,17,,,,,,,20,,
,,18,,,,,,,20,,
,,19,,,,,,,20,,
,,20,,,,,,,20,,
,,21,,,,,,,35,,
,,22,,,,,,,30,,
,,23,,,,,,,35,,
,,24,,,,,,,30,,
,,25,,,,,,,40,,
,,26,,,,,,,40,,
,,27,,,,,,,40,,
,,28,,,,,,,40,,
,,29,,,,,,,10,,
,,30,,,,,,,30,,
,,31,,,,,,,30,,
,11,1,,,,,,,17,,
,,2,,,,,,,30,,
,,3,,,,,,,10,,
,,4,,,,,,,35,,
,,5,,,,,,,65,,
,,6,,,,,,,40,,
,,7,,,,,,,10,,
,,8,,,,,,,20,,
,,9,,,,,,,12,,
,,10,,,,,,,8,,
,,11,,,,,,,8,,
,,12,,,,,,,8,,
,,13,,,,,,,20,,
,,14,,,,,,,30,,
,,15,,,,,,,22,,
,,16,,,,,,,22,,
,,17,,,,,,,12,,
,,18,,,,,,,12,,
,,19,,,,,,,15,,
,,20,,,,,,,24,,
,,21,,,,,,,24,,
,,22,,,,,,,8,,
,,23,,,,,,,80,,
,,24,,,,,,,12,,
,,25,,,,,,,22,,
,,26,,,,,,,20,,
,,27,,,,,,,24,,
,,28,,,,,,,25,,
,,29,,,,,,,12,,
,,30,,,,,,,45,,
,12,1,,,,,,,15,,
,,2,,,,,,,15,,
,,3,,,,,,,37,,
,,4,,,,,,,20,,
,,5,,,,,,,20,,
,,6,,,,,,,15,,
,,7,,,,,20,,18,,
,,8,,,,,60,,,,
,,9,,,,,110,,20,,
,,10,,,,,,,20,,
,,11,,,,,,,20,,
,,12,,,,,,,10,,
,,13,,,,,,,10,,
,,14,,,,,,,10,,
,,15,,,,,,,10,,
,,16,,,,,,,10,,
,,17,,,,,,,10,,
,,18,,,,,,,10,,
,,19,,,,,200,,5,,
,,20,,,,,,,20,,
,,21,,,,,,,20,,
,,22,,,,,,,25,,
,,23,,,,,,,20,,
,,24,,,,,,,25,,
,,25,,,,,,,25,,
,,26,,,,,,,45,,
,,27,,,,,,,17,,
,,28,,,,,,,25,,
,,29,,,,,,,23,,
,,30,,,,,,,25,,
,,31,,,,,40,,25,,
2020,1,1,,,,,20,,,,
,,2,,,,,30,,,,
,,3,,,,,20,,,,
,,4,,,,,20,,,,
,,5,,,,,,,40,,
,,6,,,,,30,,,,
,,7,,,,,60,,,,
,,8,,,,,60,,,,
,,9,,,,,15,,,,
,,10,,,,,15,,,,
,,11,,,,,50,,,,
,,12,,,,,5,,,,
,,13,,,,,5,,,,
,,14,,,,,10,,,,
,,15,,,,,5,,,,
,,16,,,,,70,,,,
,,17,,,,,50,,,,
,,18,,,,,70,,,,
,,19,,,,,10,,,,
,,20,,,,,20,,,,
,,21,,,,,45,,,,
,,22,,,,,30,,,,
,,23,,,,,30,,,,
,,24,,,,,20,,,,
,,25,,,200,,30,,,,
,,26,,,150,,,,,,
,,27,,,40,,,,,,
,,28,,,130,,,,,,
,,29,,,110,,,,,,
,,30,,,,,40,,,,
,,31,,,,,,,20,,
,2,1,,,,,,,25,,
,,2,,,,,,,10,,
,,3,,,,,,,8,,23
,,4,,,,,,,4,,40
,,5,,,,,,,7,,20
,,6,,,,,,,7,,28
,,7,,,,,,,7,,
,,8,,,,,,,23,,
,,9,,,,,,,8,,
,,10,,,,,,,8,,
,,11,,,,,,,7,10,
,,12,,,,,,,18,50,
,,13,,,,,,,18,,
,,14,,,,,,,8,10,
,,15,,,,,,,8,,50
,,16,,,,,,,26,,7
,,17,,,,,,,7,,7
,,18,,,,,,,7,,
,,19,,,,,,,25,,5
,,20,,,,,,,7,,
,,21,,,,,,,15,,120
,,22,,,,,,,7,,
,,23,,,,,,,7,,60
,,24,,,,,,,5,,15
,,25,,,,,,,6,,17
,,26,,,,,,,7,,
,,27,,,,,,,11,,
,,28,,,,,,,30,,
,,29,,,,,,,23,,
,3,1,,,,,,,25,,
,,2,,,,,,,14,,35
,,3,,,,,,,12,,
,,4,,,,,,,12,,
,,5,,,,,,,12,,
,,6,,,,,,,12,,
,,7,,,,,,,12,,
,,8,,,,,,,8,,
,,9,,,,,,,8,,
,,10,,,,,,,60,,
,,11,,,,,,,13,,
,,12,,,,,50,,12,,8
,,13,,,,,30,,,,
,,14,,,15,,,,,,
,,15,,,,,,,,,
,,16,,,,,,,,,
,,17,,,120,,,,,,
,,18,,,60,,,,,,
,,19,,,10,,,,,,
,,20,,,60,,,,,,
,,21,,,10,,,,,,
,,22,,,,,,,,,
,,23,,,10,,,,,,
,,24,,,90,,,,,,
,,25,,,10,,,,,,
,,26,,,8,,,,,,
,,27,,,8,,,,,,
,,28,,,8,,,,,,
,,29,,,8,,,,,,
,,30,,,12,,,,,,
,,31,,,10,,,,,,
,4,1,,,10,,,,,,
,,2,,,10,,,,,,
,,3,,,10,,,,,,
,,4,,,10,,,,,,
,,5,,,10,,,,,,
,,6,,,100,,,,,,
,,7,,,10,,,,,,
,,8,,,10,,,,,,
,,9,,,10,,,,,,
,,10,,,10,,,,,,
,,11,,,10,,,,,,
,,12,,,15,,,,,,
,,13,,,15,,,,,,
,,14,,,0,,,,,,
,,15,,,0,,,,,,
,,16,,,10,,,,,,
,,17,,,10,,,,,,
,,18,,,10,,,,,,
,,19,,,10,,,,,,
,,20,,,10,,,,,,
,,21,,,10,,,,,,
,,22,,,20,,,,,,
,,23,,,12,,,,,,
,,24,,,10,,,,,,
,,25,,,10,,,,,,
,,26,,,10,,,,,,
,,27,,,25,,,,,,
,,28,,,10,,,,,,
,,29,,,10,,,,,,
,,30,,,15,,,,,,
,5,1,,,0,,,,,,
,,2,,,12,,,,,,
,,3,,,0,,,,,,
,,4,,,20,,,,,,
,,5,,,20,,,,,,
,,6,,,10,,,,,,
,,7,,,10,,,,,,
,,8,,,10,,,,,,
,,9,,,0,,,,,,
,,10,,,0,,,,,,
,,11,,,10,,,,,,
,,12,,,10,,,,,,
,,13,,,13,,,,,,
,,14,,,14,,,,,,
,,15,,,0,,,,,,
,,16,,,5,,,,,,
,,17,,,0,,10,,,,
,,18,,,10,,,,,,
,,19,,,10,,,,,,
,,20,,,10,,,,,,
,,21,,,10,,,,,,
,,22,,,100,,,,,,
,,23,,,10,,,,,,
,,24,,,10,,,,,,
,,25,,,10,,,,,,
,,26,,,18,,,,,,
,,27,,,20,,,,,,
,,28,,,0,,,,,,
,,29,,,25,,,,,,
,,30,,,20,,,,,,
,,31,,,20,,,,,,
,6,1,,,20,,,,,,
,,2,,,20,,,,,,
,,3,,,10,,,,,,
,,4,,,20,,,,,,
,,5,,,0,,120,,,,
,,6,,,6,,,,,,
,,7,,,0,,120,,,,
,,8,,,10,,,,,,
,,9,,,45,,30,,,,
,,10,,,60,,,,,,
,,11,,,40,,,,,,
,,12,,,40,,,,,,
,,13,,,80,,,,,,
,,14,,,100,,,,,,
,,15,,,65,,,,,,
,,16,,,50,,,,,,
,,17,,,45,,,,,,
,,18,,,40,,,,,,
,,19,,,40,,,,,,
,,20,,,80,,,,,,
,,21,,,50,,,,,,
,,22,,,55,,,,,,
,,23,,,45,,,,,,
,,24,,,24,,,,,,
,,25,,,40,,,,,,
,,26,,,25,,,,,,
,,27,,,80,,,,,,
,,28,,,60,,,,,,
,,29,,,15,,,,,,
,,30,,,15,,,,,,
,7,1,,,45,,,,,,
,,2,,,70,,,,,,
,,3,,,25,,,,,,
,,4,,,70,,,,,,
,,5,,,50,,,,,,
,,6,,,20,,,,,,
,,7,,,45,,,,,,
,,8,,,60,,,,,,
,,9,,,20,,,,,,
,,10,,,60,,,,,,
,,11,,,40,,,,,,
,,12,,,40,,,,,,
,,13,,,70,,,,,,
,,14,,,20,,,,,,
,,15,,,20,,,,,,
,,16,,,28,,,,,,
,,17,,,0,,,,,,
,,18,,,25,,,,,,
,,19,,,45,,,,,,
,,20,,,60,,,,,,
,,21,,,20,,,,,,
,,22,,,90,,,,,,
,,23,,,30,,,,,,
,,24,,,30,,,,,,
,,25,,,100,,,,,,
,,26,,,30,,,,,,
,,27,,,110,,,,,,
,,28,,,15,,,,,,
,,29,,,15,,,,,,
,,30,,,110,,,,,,
,,31,,,100,,,,,,
,8,1,,,38,,,,,,
,,2,,,35,,,,,,
,,3,,,60,,,,,,
,,4,,,0,,15,,,,
,,5,,,,,15,,,,
,,6,,,,,7,,,,
,,7,,,,,,,,,
,,8,,,,,,,,,
,,9,,,,,,,,,
,,10,,,,,,,,,
,,11,,,,,,,,,
,,12,,,,,,,,,
,,13,,,,,,,,,
,,14,,,,,10,,,,
,,15,,,,,40,,,,
,,16,,,,,,,,,
,,17,,,90,,,,,,
,,18,,,80,,,,,,
,,19,,,60,,,,,,
,,20,,,30,,,,,,
,,21,,,120,,,,,,
,,22,,,45,,,,,,
,,23,,,50,,,,,,
,,24,,,30,,,,,,
,,25,,,60,,20,,,,
,,26,,,,,10,,,,
,,27,,,,,10,,,,
,,28,,,,,10,,,,
,,29,,,,,10,,,,
,,30,,,60,,10,,,,
,,31,,,28,,,,,,
,9,1,,,15,,,,,,
,,2,,,45,,30,,,,
,,3,,,25,,,,,,
,,4,,,10,,,,,,
,,5,,,90,,,,,,
,,6,,,20,,,,,,
,,7,,,15,,,,,,
,,8,,,15,,,,,,
,,9,,,15,,,,,,
,,10,,,12,,,,,,
,,11,,,10,,,,,,
,,12,,,120,,,,,,
,,13,,,90,,20,,,,
,,14,,,15,,,,,,
,,15,,,10,,,,,,
,,16,,,10,,,,,,
,,17,,,10,,,,,,
,,18,,,10,,,,,,
,,19,,,15,,,,,,
,,20,,,80,,,,,,
,,21,,,10,,,,,,
,,22,,,80,,,,,,
,,23,,,20,,,,,,
,,24,,,15,,,,,,
,,25,,,10,,,,,,
,,26,,,,,130,,,,
,,27,,,,,130,,,,
,,28,,,10,,,,,,
,,29,,,80,,,,,,
,,30,,,22,,,,,,
,10,1,,,80,,,,,,
,,2,,,0,,,,,,
,,3,,,10,,,,,,
,,4,,,20,,,,,,
,,5,,,15,,,,,,
,,6,,,24,,,,,,
,,7,,,15,,,,,,
,,8,,,80,,,,,,
,,9,,,10,,,,,,
,,10,,,20,,,,,,
,,11,,,20,,,,,,
,,12,,,,,,,,,
,,13,,,50,,,,,,
,,14,,,22,,,,,,
,,15,,,22,,,,,,
,,16,,,,,,,,,
,,17,,,80,,,,,,
,,18,,,20,,,,,,
,,19,,,20,,,,,,
,,20,,,20,,,,,,
,,21,,,20,,,,,,
,,22,,,10,,,,,,
,,23,,,8,,,,,,
,,24,,,15,,,,,,
,,25,,,15,,,,,,
,,26,,,25,,,,,,
,,27,,,45,,,,,,
,,28,,,120,,,,,,
,,29,,,20,,,,,,
,,30,,,14,,,,,,
,,31,,,15,,,,,,
,11,1,,,15,,,,,,
,,2,,,20,,,,,,
,,3,,,30,,,,,,
,,4,,,20,,,,,,
,,5,,,20,,,,,,
,,6,,,100,,,,,,
,,7,,,20,,,,,,
,,8,,,20,,,,,,
,,9,,,40,,,,,,
,,10,,,12,,,,,,
,,11,,,12,,,,,,
,,12,,,16,,,,,,
,,13,,,15,,,,,,
,,14,,,15,,,,,,
,,15,,,22,,,,,,
,,16,,,15,,,,,,
,,17,,,25,,,,,,
,,18,,,60,,,,,,
,,19,,,12,,,,,,
,,20,,,,,40,,,,
,,21,,,,,15,,,,
,,22,,,,,40,,27,,5
,,23,,,,,,,27,,
,,24,,,,,,,10,,
,,25,,,,,,,15,,
,,26,,,,,,,4,,20
,,27,,,,,,,17,,
,,28,,,,,,,17,,10
,,29,,,,,,,7,,10
,,30,,,,,,,5,,
,12,1,,,,,,,7,,10
,,2,,,,,,,7,,10
,,3,,,,,,,10,,30
,,4,,,,,,,15,,
,,5,,,,,,,10,,
,,6,,,,,,,14,,
,,7,,,,,,,15,,
,,8,,,,,,,0,,
,,9,,,,,,,6,,
,,10,,,,,,,15,,13
,,11,,,,,,,,,150
,,12,,,,,,,10,,8
,,13,,,,,,,20,,
,,14,,,,,,,3,,
,,15,,,,,,,34,,
,,16,,,,,,,17,,8
,,17,,,,,,,5,,25
,,18,,,,,,,4,,20
,,19,,,,,,,20,,
,,20,,,,,,,13,,
,,21,,,,,,,10,,
,,22,,,,,,,25,,
,,23,,,220,,,,,,
,,24,,,150,,,,8,,
,,25,,,,,,,10,,17
,,26,,,,,,,6,,9
,,27,,,,,,,45,,
,,28,,,,,,,24,,100
,,29,,,,,,,10,,10
,,30,,,,,,,30,,
,,31,,,,,,,20,,
2021,1,1,,,,,,,25,,8
,,2,,,,,,,15,,10
,,3,,,,,,,20,,
,,4,,,,,,,10,,
,,5,,,,,,,20,,
,,6,,,,,,,15,,
,,7,,,,,,,15,,10
,,8,,,,,,,15,,
,,9,,,,,,,25,,
,,10,,,,,,,18,,
,,11,,,,,,,10,,90
,,12,,,,,,,25,,
,,13,,,,,,,10,,
,,14,,,,,,,15,,
,,15,,,,,,,23,,
,,16,,,,,,,18,,
,,17,,,,,,,2,,
,,18,,,,,,,14,,
,,19,,,,,,,17,,
,,20,,,,,,,22,,
,,21,,,,,,,10,,
,,22,,,,,,,22,,
,,23,,,,,,,15,,
,,24,,,160,,,,,,
,,25,,,,,,,20,,
,,26,,,,,,,12,,
,,27,,,,,,,12,,
,,28,,,,,,,12,,90
,,29,,,40,,35,,,,
,,30,,,250,,,,,,
,,31,,,5,,,,30,,10
,2,1,,,,,,,60,,50
,,2,,,200,,20,,,,10
,,3,,,,,70,,10,,6
,,4,,,,,,,20,,
,,5,,,,,,,45,,
,,6,,,,,,,10,,
,,7,,,,,,,20,,
,,8,,,,,,,10,,
,,9,,,,,,,25,,
,,10,,,,,,,15,,
,,11,,,,,,,20,,
,,12,,,,,,,22,,
,,13,,,,,,,14,,
,,14,,,,,,,28,,
,,15,,,,,,,20,,
,,16,,,,,,,20,,
,,17,,,,,,,28,,
,,18,,,,,,,18,,
,,19,,,,,,,30,,
,,20,,,,,,,5,,
,,21,,,,,,,,,80
,,22,,,,,,,15,,60
,,23,,,,,,,8,,20
,,24,,,,,,,10,,
,,25,,,,,,,25,,
,,26,,,,,,,13,,
,,27,,,,,,,20,,
,,28,,,,,,,22,,
,3,1,,,,,,,20,,
,,2,,,,,,,20,,
,,3,,,,,,,12,,
,,4,,,,,,,24,,
,,5,,,140,,,,,,50
,,6,,,60,,120,,,,
,,7,,,80,,,,,,
,,8,,,140,,,,,,50
,,9,,,,,,,15,,
,,10,,,,,,,24,,
,,11,,,,,,,14,,
,,12,,,,,,,20,,
,,13,,,,,,,25,,
,,14,,,,,,,,,
,,15,,,,,,,7,,120
,,16,,,,,,,12,,
,,17,,,,,,,22,,
,,18,,,,,,,22,,
,,19,,,,,,,20,,
,,20,,,,,,,9,,
,,21,,,,,,,20,,
,,22,,,,,,,12,,
,,23,,,,,,,10,,
,,24,,,,,,,10,,
,,25,,,,,,,15,,
,,26,,,,,,,9,,
,,27,,,,,,,10,,
,,28,,,,,,,10,,
,,29,,,,,,,10,,
,,30,,,,,,,8,,
,,31,,,,,,,10,,
,4,1,,,,,,,10,,
,,2,,,,,,,18,,
,,3,,,,,,,10,,
,,4,,,,,,,18,,
,,5,,,,,,,20,,
,,6,,,,,,,9,,
,,7,,,,,,,8,,
,,8,,,,,,,19,,
,,9,,,,,,,20,,
,,10,,,,,,,22,,
,,11,,,,,,,8,,
,,12,,,,,,,10,,
,,13,,,,,,,5,,
,,14,,,,,,,8,,
,,15,,,,,,,8,,
,,16,,,,,,,10,,
,,17,,,,,,,8,,
,,18,,,,,,,8,,
,,19,,,,,15,,7,,25
,,20,,,,,,,8,,
,,21,,,,,,,8,,
,,22,,,,,,,8,,
,,23,,,,,,,10,,
,,24,,,,,,,8,,
,,25,,,,,,,8,,
,,26,,,,,,,12,,
,,27,,,,,,,8,,
,,28,,,,,,,8,,
,,29,,,,,,,8,,
,,30,,,,,,,9,,
,5,1,,,,,,,10,,
,,2,,,,,,,10,,
,,3,,,,,,,10,,
,,4,,,,,,,10,,
,,5,,,,,,,8,,
,,6,,,,,,,8,,
,,7,,,,,,,8,,
,,8,,,,,,,8,,
,,9,,,,,,,15,,
,,10,,,,,,,10,,120
,,11,,,,,,,0,,120
,,12,,,,,,,15,,80
,,13,,,,,,,10,,
,,14,,,,,,,5,,
,,15,,,,,,,15,,
,,16,,,,,,,9,,
,,17,,,,,,,15,,
,,18,,,,,,,12,,
,,19,,,,,,,15,,
,,20,,,,,,,10,,
,,21,,,,,,,5,,
,,22,,,,,,,15,,
,,23,,,,,,,7,,
,,24,,,,,,,15,,
,,25,,,,,,,20,,
,,26,,,,,,,30,,
,,27,,,100,,50,,,,
,,28,,,60,,,,10,,
,,29,,,,,,,100,,
,,30,,,,,,,29,,
,,31,,,,,,,30,,
,6,1,,,,,,,28,,
,,2,,,,,,,34,,
,,3,,,,,,,0,,
,,4,,,,,,,0,,
,,5,,,,,,,16,,
,,6,,,,,,,15,,
,,7,,,,,,,17,,
,,8,,,,,,,50,,
,,9,,,,,,,17,,
,,10,,,,,,,20,,10
,,11,,,,,,,25,,55
,,12,,,,,,,50,,50
,,13,,,,,,,15,,40
,,14,,,,,,,30,,180
,,15,,,,,,,8,,
,,16,,,,,,,10,,
,,17,,,,,,,19,,35
,,18,,,,,150,,10,,
,,19,,,,,,,45,,
,,20,,,,,,,14,,
,,21,,,,,,,40,,
,,22,,,,,,,24,,
,,23,,,,,25,,45,,
,,24,,,10,,25,,,,
,,25,,,10,,,,,,
,,26,,,40,,,,,,
,,27,,,,,,,,,
,,28,,,15,,,,,,
,,29,,,20,,,,,,
,,30,,,10,,,,,,
,7,1,,,25,,,,,,
,,2,,,25,,,,,,
,,3,,,12,,,,,,
,,4,,,10,,,,,,
,,5,,,70,,,,,,
,,6,,,12,,,,,,
,,7,,,12,,,,,,
,,8,,,25,,,,,,
,,9,,,100,,,,,,
,,10,,,100,,10,,,,
,,11,,,10,,,,,,
,,12,,,10,,,,,,
,,13,,,18,,,,,,
,,14,,,20,,,,,,
,,15,,,14,,,,,,
,,16,,,15,,,,,,
,,17,,,10,,,,,,
,,18,,,14,,,,,,
,,19,,,0,,,,,,
,,20,,,12,,,,,,
,,21,,,10,,120,,,,
,,22,,,,,10,,,,
,,23,,,10,,40,,,,
,,24,,,10,,,,,,
,,25,,,20,,,,,,
,,26,,,25,,,,,,
,,27,,,15,,,,,,
,,28,,,24,,,,,,
,,29,,,24,,,,,,
,,30,,,12,,,,,,
,,31,,,12,,,,,,
,8,1,,,12,,,,,,
,,2,,,12,,,,,,
,,3,,,12,,,,,,
,,4,,,20,,,,,,
,,5,,,12,,,,,,
,,6,,,20,,,,,,
,,7,,,12,,,,,,
,,8,,,0,,,,,,
,,9,,,22,,240,,,,
,,10,,,22,,40,,,,
,,11,,,,,24,,,,
,,12,,,18,,60,,,,
,,13,,,20,,250,,,,
,,14,,,22,,,,,,
,,15,,,12,,,,,,
,,16,,,20,,,,,,
,,17,,,28,,,,,,
,,18,,,15,,,,,,
,,19,,,17,,,,,,
,,20,,,22,,,,,,
,,21,,,22,,,,,,
,,22,,,25,,,,,,
,,23,,,14,,,,,,
,,24,,,25,,,,,,
,,25,,,12,,,,,,
,,26,,,20,,,,,,
,,27,,,10,,,,,,
,,28,,,20,,,,,,
,,29,,,20,,,,,,
,,30,,,20,,,,,,
,,31,,,40,,,,,,
,9,1,,,22,,,,,,
,,2,,,75,,,,,,
,,3,,,10,,,,,,
,,4,,,90,,20,,,,
,,5,,,90,,80,,,,
,,6,,,23,,,,,,
,,7,,,10,,,,,,
,,8,,,20,,,,,,
,,9,,,20,,,,,,
,,10,,,20,,,,,,
,,11,,,22,,,,,,
,,12,,,12,,,,,,
,,13,,,12,,,,,,
,,14,,,22,,,,,,
,,15,,,22,,,,,,
,,16,,,12,,,,,,
,,17,,,80,,,,,,
,,18,,,140,,,,,,
,,19,,,12,,,,,,
,,20,,,14,,,,,,
,,21,,,12,,,,,,
,,22,,,12,,,,,,
,,23,,,24,,,,,,
,,24,,,12,,,,,,
,,25,,,,,120,,,,
,,26,,,,,90,,,,
,,27,,,,,,,,,
,,28,,,12,,,,,,
,,29,,,12,,,,,,
,,30,,,28,,,,,,
,10,1,,,25,,,,,,
,,2,,,10,,,,,,
,,3,,,10,,,,,,
,,4,,,10,,,,,,
,,5,,,24,,,,,,
,,6,,,20,,,,,,
,,7,,,10,,10,,,,
,,8,,,12,,,,,,
,,9,,,12,,,,,,
,,10,,,24,,,,,,
,,11,,,12,,,,,,
,,12,,,24,,,,,,
,,13,,,12,,,,,,
,,14,,,24,,,,,,
,,15,,,75,,,,,,
,,16,,,25,,,,,,
,,17,,,12,,,,,,
,,18,,,5,,,,,,
,,19,,,0,,,,,,
,,20,,,12,,,,,,
,,21,,,12,,,,,,
,,22,,,12,,,,,,
,,23,,,12,,,,,,
,,24,,,12,,,,,,
,,25,,,12,,,,,,
,,26,,,0,,,,,,
,,27,,,12,,,,,,
,,28,,,0,,,,,,
,,29,,,12,,,,,,
,,30,,,0,,,,,,
,,31,,,12,,,,,,
,11,1,,,12,,,,,,
,,2,,,12,,,,,,
,,3,,,12,,,,,,
,,4,,,12,,,,,,
,,5,,,25,,,,,,
,,6,,,25,,,,,,
,,7,,,12,,,,,,
,,8,,,12,,,,,,
,,9,,,12,,,,,,
,,10,,,12,,,,,,
,,11,,,0,,,,,,
,,12,,,45,,,,,,
,,13,,,120,,,,,,
,,14,,,80,,10,,,,
,,15,,,,,10,,,,
,,16,,,,,25,,,,
,,17,,,,,30,,,,
,,18,,,,,30,,,,
,,19,,,,,20,,,,
,,20,,,,,,,,,
,,21,,,60,,,,,,
,,22,,,20,,,,,,
,,23,,,20,,,,,,
,,24,,,20,,,,,,
,,25,,,20,,,,,,
,,26,,,20,,,,,,
,,27,,,20,,,,,,
,,28,,,40,,,,,,
,,29,,,15,,,,,,
,,30,,,20,,,,,,
,12,1,,,20,,,,,,
,,2,,,20,,,,,,
,,3,,,20,,,,,,
,,4,,,20,,,,,,
,,5,,,20,,,,,,
,,6,,,20,,,,,,
,,7,,,230,,,,,,
,,8,,,45,,,,,,
,,9,,,90,,,,,,
,,10,,,10,,,,,,
,,11,,,85,,,,,,
,,12,,,90,,,,,,
,,13,,,15,,,,,,
,,14,,,15,,,,,,
,,15,,,80,,,,,,
,,16,,,20,,,,,,
,,17,,,150,,,,,,
,,18,,,45,,,,,,
,,19,,,150,,,,,,
,,20,,,35,,,,,,
,,21,,,10,,,,,,
,,22,,,10,,,,,,
,,23,,,10,,,,,,
,,24,,,10,,,,,,
,,25,,,,,130,,,,
,,26,,,,,25,,,,
,,27,,,,,,,,,
,,28,,,,,,,,,
,,29,,,,,100,,,,
,,30,,,10,,,,,,
,,31,,,30,,,,,,
2022,1,1,,,15,,100,,,,
,,2,,,15,,,,,,
,,3,,,25,,,,,,
,,4,,,10,,,,,,
,,5,,,18,,,,,,
,,6,,,10,,,,,,
,,7,,,18,,,,,,
,,8,,,15,,,,,,
,,9,,,20,,,,,,
,,10,,,12,,,,,,
,,11,,,12,,,,,,
,,12,,,15,,,,,,
,,13,,,15,,,,,,
,,14,,,15,,,,,,
,,15,,,15,,,,,,
,,16,,,15,,,,,,
,,17,,,15,,,,,,
,,18,,,15,,,,,,
,,19,,,15,,,,,,
,,20,,,15,,,,,,
,,21,,,15,,,,,,
,,22,,,40,,,,,,
,,23,,,12,,,,,,
,,24,,,12,,,,,,
,,25,,,12,,,,,,
,,26,,,12,,,,,,
,,27,,,28,,,,,,
,,28,,,12,,,,,,
,,29,,,23,,,,,,
,,30,,,12,,,,,,
,,31,,,12,,,,,,
,2,1,,,12,,,,,,
,,2,,,12,,,,,,
,,3,,,15,,,,,,
,,4,,,12,,,,,,
,,5,,,12,,,,,,
,,6,,,12,,,,,,
,,7,,,12,,,,,,
,,8,,,12,,,,,,
,,9,,,12,,,,,,
,,10,,,140,,,,,,
,,11,,,12,,,,,,
,,12,,,15,,,,,,
,,13,,,,,90,,,,
,,14,,,0,,,,,,
,,15,,,,,,,,,
,,16,,,,,,,,,
,,17,,,,,,,,,
,,18,,,,,4,,,,
,,19,,,,,,,,,
,,20,,,,,,,,,
,,21,,,,,4,,,,
,,22,,,,,,,,,
,,23,,,,,,,,,
,,24,,,,,200,,,,
,,25,,,,,,,,,
,,26,,,,,80,,,,
,,27,,,,,,,,,
,,28,,,,,,,,,
,3,1,,,,,30,,,,
,,2,,,,,10,,,,
,,3,,,,,,,,,
,,4,,,,,,,,,
,,5,,,,,25,,,,
,,6,,,,,,,,,
,,7,,,,,25,,,,
,,8,,,,,,,,,
,,9,,,,,,,,,
,,10,,,,,,,,,
,,11,,,,,25,,,,
,,12,,,,,,,,,
,,13,,,,,25,,,,
,,14,,,,,,,,,
,,15,,,,,,,,,
,,16,,,,,,,,,
,,17,,,,,,,,,
,,18,,,,,,,,,
,,19,,,,,,,,,
,,20,,,,,25,,,,
,,21,,,,,,,,,
,,22,,,,,,,,,
,,23,,,,,,,,,
,,24,,,,,,,,,
,,25,,,,,,,,,
,,26,,,,,120,,,,
