"Milliseconds","timezoneOffset","timestamp","DayOfYear","DayOfMonth","DayOfWeek","TimeOfDay","_id","cat1","cat2","cat3","cat4","cat5","cat6","cat7","cat8","cat9","number","note","gpstime","gpsMilliseconds","name","latitude","longitude","accuracy","altitude","speed","bearing","lat_text","lon_text","street","city","state","country","zip"
"1552719546227","28800000","2019-03-16T14:59:06.227+08:00","75","16","samedi","14.985","2","Sport","Sport Str",,,,,,,,,,,,,,,,,,,,,,,,,
"1552722071471","28800000","2019-03-16T15:41:11.471+08:00","75","16","samedi","15.686388888888889","3","Sport","Sport End",,,,,,,,,,,,,,,,,,,,,,,,,
"1552793874736","28800000","2019-03-17T11:37:54.736+08:00","76","17","dimanche","11.631666666666666","4","Sport","Sport Str",,,,,,,,,,,,,,,,,,,,,,,,,
"1552798385384","28800000","2019-03-17T12:53:05.384+08:00","76","17","dimanche","12.884722222222223","5","Sport","Sport End",,,,,,,,,,,,,,,,,,,,,,,,,
"1552888203452","28800000","2019-03-18T13:50:03.452+08:00","77","18","lundi","13.834166666666667","6","Sport","Sport Str",,,,,,,,,,,,,,,,,,,,,,,,,
"1552890638451","28800000","2019-03-18T14:30:38.451+08:00","77","18","lundi","14.510555555555555","7","Sport","Sport End",,,,,,,,,,,,,,,,,,,,,,,,,
"1553064224688","28800000","2019-03-20T14:43:44.688+08:00","79","20","mercredi","14.72888888888889","8","Sport","Sport Str",,,,,,,,,,,,,,,,,,,,,,,,,
"1553149546833","28800000","2019-03-21T14:25:46.833+08:00","80","21","jeudi","14.429444444444444","9","Sport","Sport Str",,,,,,,,,,,,,,,,,,,,,,,,,
"1553385649545","28800000","2019-03-24T08:00:49.545+08:00","83","24","dimanche","8.01361111111111","11","Sport","Sport Str",,,,,,,,,,,,,,,,,,,,,,,,,
"1553391227206","28800000","2019-03-24T09:33:47.206+08:00","83","24","dimanche","9.563055555555556","10","Sport","Sport End",,,,,,,,,,,,,,,,,,,,,,,,,
"1553506241838","28800000","2019-03-25T17:30:41.838+08:00","84","25","lundi","17.511388888888888","12","Sport","Sport Str",,,,,,,,,,,,,,,,,,,,,,,,,
"1553508582508","28800000","2019-03-25T18:09:42.508+08:00","84","25","lundi","18.161666666666665","13","Sport","Sport End",,,,,,,,,,,,,,,,,,,,,,,,,
"1553766223774","28800000","2019-03-28T17:43:43.774+08:00","87","28","jeudi","17.72861111111111","14","Sport","Sport Str",,,,,,,,,,,,,,,,,,,,,,,,,
"1553768620530","28800000","2019-03-28T18:23:40.530+08:00","87","28","jeudi","18.394444444444446","15","Sport","Sport End",,,,,,,,,,,,,,,,,,,,,,,,,
"1553938647851","28800000","2019-03-30T17:37:27.851+08:00","89","30","samedi","17.624166666666667","16","Sport","Sport Str",,,,,,,,,,,,,,,,,,,,,,,,,
"1553943201175","28800000","2019-03-30T18:53:21.175+08:00","89","30","samedi","18.889166666666668","17","Sport","Sport End",,,,,,,,,,,,,,,,,,,,,,,,,
"1554422442849","28800000","2019-04-05T08:00:42.849+08:00","95","5","vendredi","8.011666666666667","18","Sport","Sport Str",,,,,,,,,,,,,,,,,,,,,,,,,
"1554426054856","28800000","2019-04-05T09:00:54.856+08:00","95","5","vendredi","9.015","19","Sport","Sport End",,,,,,,,,,,,,,,,,,,,,,,,,
"1554519780399","28800000","2019-04-06T11:03:00.399+08:00","96","6","samedi","11.05","20","Sport","Sport Str",,,,,,,,,,,,,,,,,,,,,,,,,
"1554521456536","28800000","2019-04-06T11:30:56.536+08:00","96","6","samedi","11.515555555555556","22","Sport","Sport End",,,,,,,,,,,,,,,,,,,,,,,,,
"1554523793378","28800000","2019-04-06T12:09:53.378+08:00","96","6","samedi","12.164722222222222","21","Sport","Sport Str",,,,,,,,,,,,,,,,,,,,,,,,,
"1554526618821","28800000","2019-04-06T12:56:58.821+08:00","96","6","samedi","12.949444444444444","23","Sport","Sport End",,,,,,,,,,,,,,,,,,,,,,,,,
"1554969581869","34200000","2019-04-11T17:29:41.869+09:30","101","11","jeudi","17.494722222222222","24","Sport","Sport Str",,,,,,,,,,,,,,,,,,,,,,,,,
"1554974975627","34200000","2019-04-11T18:59:35.627+09:30","101","11","jeudi","18.993055555555557","25","Sport","Sport End",,,,,,,,,,,,,,,,,,,,,,,,,
"1555027811252","34200000","2019-04-12T09:40:11.252+09:30","102","12","vendredi","9.669722222222223","26","Sport","Sport Str",,,,,,,,,,,,,,,,,,,,,,,,,
"1555029060399","34200000","2019-04-12T10:01:00.399+09:30","102","12","vendredi","10.016666666666667","27","Sport","Sport End",,,,,,,,,,,,,,,,,,,,,,,,,
"1555031657558","34200000","2019-04-12T10:44:17.558+09:30","102","12","vendredi","10.738055555555555","29","Sport","Sport Str",,,,,,,,,,,,,,,,,,,,,,,,,
"1555035463773","34200000","2019-04-12T11:47:43.773+09:30","102","12","vendredi","11.795277777777777","30","Sport","Sport End",,,,,,,,,,,,,,,,,,,,,,,,,
"1555044511313","34200000","2019-04-12T14:18:31.313+09:30","102","12","vendredi","14.30861111111111","32","Sport","Sport Str",,,,,,,,,,,,,,,,,,,,,,,,,
"1555052611562","34200000","2019-04-12T16:33:31.562+09:30","102","12","vendredi","16.558611111111112","33","Sport","Sport End",,,,,,,,,,,,,,,,,,,,,,,,,
"1555117498009","34200000","2019-04-13T10:34:58.009+09:30","103","13","samedi","10.582777777777778","34","Sport","Sport Str",,,,,,,,,,,,,,,,,,,,,,,,,
"1555119189597","34200000","2019-04-13T11:03:09.597+09:30","103","13","samedi","11.0525","35","Sport","Sport End",,,,,,,,,,,,,,,,,,,,,,,,,
"1555145550554","34200000","2019-04-13T18:22:30.554+09:30","103","13","samedi","18.375","37","Sport","Sport Str",,,,,,,,,,,,,,,,,,,,,,,,,
"1555147919709","34200000","2019-04-13T19:01:59.709+09:30","103","13","samedi","19.033055555555556","38","Sport","Sport End",,,,,,,,,,,,,,,,,,,,,,,,,
"1555202230253","34200000","2019-04-14T10:07:10.253+09:30","104","14","dimanche","10.119444444444444","41","Sport","Sport Str",,,,,,,,,,,,,,,,,,,,,,,,,
"1555203132626","34200000","2019-04-14T10:22:12.626+09:30","104","14","dimanche","10.37","42","Sport","Sport End",,,,,,,,,,,,,,,,,,,,,,,,,
"1555209247824","34200000","2019-04-14T12:04:07.824+09:30","104","14","dimanche","12.06861111111111","39","Sport","Sport Str",,,,,,,,,,,,,,,,,,,,,,,,,
"1555210800343","34200000","2019-04-14T12:30:00.343+09:30","104","14","dimanche","12.5","40","Sport","Sport End",,,,,,,,,,,,,,,,,,,,,,,,,
"1555403413770","28800000","2019-04-16T16:30:13.770+08:00","106","16","mardi","16.503611111111113","43","Sport","Sport Str",,,,,,,,,,,,,,,,,,,,,,,,,
"1555407916259","28800000","2019-04-16T17:45:16.259+08:00","106","16","mardi","17.754444444444445","44","Sport","Sport End",,,,,,,,,,,,,,,,,,,,,,,,,
"1555494442089","28800000","2019-04-17T17:47:22.089+08:00","107","17","mercredi","17.789444444444445","45","Sport","Sport Str",,,,,,,,,,,,,,,,,,,,,,,,,
"1555497633617","28800000","2019-04-17T18:40:33.617+08:00","107","17","mercredi","18.675833333333333","46","Sport","Sport End",,,,,,,,,,,,,,,,,,,,,,,,,
"1555579399019","28800000","2019-04-18T17:23:19.019+08:00","108","18","jeudi","17.38861111111111","47","Sport","Sport Str",,,,,,,,,,,,,,,,,,,,,,,,,
"1555581748958","28800000","2019-04-18T18:02:28.958+08:00","108","18","jeudi","18.04111111111111","48","Sport","Sport End",,,,,,,,,,,,,,,,,,,,,,,,,
"1555839354441","28800000","2019-04-21T17:35:54.441+08:00","111","21","dimanche","17.598333333333333","49","Sport","Sport Str",,,,,,,,,,,,,,,,,,,,,,,,,
"1555843029914","28800000","2019-04-21T18:37:09.914+08:00","111","21","dimanche","18.619166666666665","50","Sport","Sport End",,,,,,,,,,,,,,,,,,,,,,,,,
"1555925741575","28800000","2019-04-22T17:35:41.575+08:00","112","22","lundi","17.594722222222224","51","Sport","Sport Str",,,,,,,,,,,,,,,,,,,,,,,,,
"1555928576519","28800000","2019-04-22T18:22:56.519+08:00","112","22","lundi","18.38222222222222","52","Sport","Sport End",,,,,,,,,,,,,,,,,,,,,,,,,
"1556012236975","28800000","2019-04-23T17:37:16.975+08:00","113","23","mardi","17.621111111111112","53","Sport","Sport Str",,,,,,,,,,,,,,,,,,,,,,,,,
"1556014593636","28800000","2019-04-23T18:16:33.636+08:00","113","23","mardi","18.275833333333335","54","Sport","Sport End",,,,,,,,,,,,,,,,,,,,,,,,,
"1556066733524","28800000","2019-04-24T08:45:33.524+08:00","114","24","mercredi","8.759166666666667","55","Sport","Sport Str",,,,,,,,,,,,,,,,,,,,,,,,,
"1556073035430","28800000","2019-04-24T10:30:35.430+08:00","114","24","mercredi","10.509722222222223","56","Sport","Sport End",,,,,,,,,,,,,,,,,,,,,,,,,
"1556420433620","28800000","2019-04-28T11:00:33.620+08:00","118","28","dimanche","11.009166666666667","57","Sport","Sport Str",,,,,,,,,,,,,,,,,,,,,,,,,
"1556423435926","28800000","2019-04-28T11:50:35.926+08:00","118","28","dimanche","11.843055555555555","58","Sport","Sport End",,,,,,,,,,,,,,,,,,,,,,,,,
"1556431539705","28800000","2019-04-28T14:05:39.705+08:00","118","28","dimanche","14.094166666666666","59","Sport","Sport Str",,,,,,,,,,,,,,,,,,,,,,,,,
"1556433381021","28800000","2019-04-28T14:36:21.021+08:00","118","28","dimanche","14.605833333333333","60","Sport","Sport End",,,,,,,,,,,,,,,,,,,,,,,,,
"1556505875622","28800000","2019-04-29T10:44:35.622+08:00","119","29","lundi","10.743055555555555","61","Sport","Sport Str",,,,,,,,,,,,,,,,,,,,,,,,,
"1556509492679","28800000","2019-04-29T11:44:52.679+08:00","119","29","lundi","11.747777777777777","62","Sport","Sport End",,,,,,,,,,,,,,,,,,,,,,,,,
"1556509550153","28800000","2019-04-29T11:45:50.153+08:00","119","29","lundi","11.76388888888889","63","Sport","Sport Str",,,,,,,,,,,,,,,,,,,,,,,,,
"1556509972204","28800000","2019-04-29T11:52:52.204+08:00","119","29","lundi","11.88111111111111","64","Sport","Sport End",,,,,,,,,,,,,,,,,,,,,,,,,
"1556514006882","28800000","2019-04-29T13:00:06.882+08:00","119","29","lundi","13.001666666666667","65","Sport","Sport Str",,,,,,,,,,,,,,,,,,,,,,,,,
"1556515210225","28800000","2019-04-29T13:20:10.225+08:00","119","29","lundi","13.33611111111111","66","Sport","Sport End",,,,,,,,,,,,,,,,,,,,,,,,,
"1556515272196","28800000","2019-04-29T13:21:12.196+08:00","119","29","lundi","13.353333333333333","67","Sport","Sport Str",,,,,,,,,,,,,,,,,,,,,,,,,
"1556520014118","28800000","2019-04-29T14:40:14.118+08:00","119","29","lundi","14.670555555555556","68","Sport","Sport End",,,,,,,,,,,,,,,,,,,,,,,,,
"1556527197718","28800000","2019-04-29T16:39:57.718+08:00","119","29","lundi","16.66583333333333","69","Sport","Sport Str",,,,,,,,,,,,,,,,,,,,,,,,,
"1556531163164","28800000","2019-04-29T17:46:03.164+08:00","119","29","lundi","17.7675","70","Sport","Sport End",,,,,,,,,,,,,,,,,,,,,,,,,
"1556604070461","28800000","2019-04-30T14:01:10.461+08:00","120","30","mardi","14.019444444444444","72","Sport","Sport Str",,,,,,,,,,,,,,,,,,,,,,,,,
"1556609491038","28800000","2019-04-30T15:31:31.038+08:00","120","30","mardi","15.525277777777777","73","Sport","Sport End",,,,,,,,,,,,,,,,,,,,,,,,,
"1556703750044","28800000","2019-05-01T17:42:30.044+08:00","121","1","mercredi","17.708333333333332","74","Sport","Sport Str",,,,,,,,,,,,,,,,,,,,,,,,,
"1556706621927","28800000","2019-05-01T18:30:21.927+08:00","121","1","mercredi","18.505833333333335","75","Sport","Sport End",,,,,,,,,,,,,,,,,,,,,,,,,
"1556925637366","28800000","2019-05-04T07:20:37.366+08:00","124","4","samedi","7.343611111111111","76","Sport","Sport Str",,,,,,,,,,,,,,,,,,,,,,,,,
"1556929239723","28800000","2019-05-04T08:20:39.723+08:00","124","4","samedi","8.344166666666666","77","Sport","Sport End",,,,,,,,,,,,,,,,,,,,,,,,,
"1556962082714","28800000","2019-05-04T17:28:02.714+08:00","124","4","samedi","17.467222222222222","78","Sport","Sport Str",,,,,,,,,,,,,,,,,,,,,,,,,
"1556965900729","28800000","2019-05-04T18:31:40.729+08:00","124","4","samedi","18.52777777777778","79","Sport","Sport End",,,,,,,,,,,,,,,,,,,,,,,,,
"1557047916459","28800000","2019-05-05T17:18:36.459+08:00","125","5","dimanche","17.31","80","Sport","Sport Str",,,,,,,,,,,,,,,,,,,,,,,,,
"1557051902704","28800000","2019-05-05T18:25:02.704+08:00","125","5","dimanche","18.41722222222222","81","Sport","Sport End",,,,,,,,,,,,,,,,,,,,,,,,,
"1557186301062","28800000","2019-05-07T07:45:01.062+08:00","127","7","mardi","7.750277777777778","82","Sport","Sport Str",,,,,,,,,,,,,,,,,,,,,,,,,
"1557189903853","28800000","2019-05-07T08:45:03.853+08:00","127","7","mardi","8.750833333333333","83","Sport","Sport End",,,,,,,,,,,,,,,,,,,,,,,,,
"1557221727713","28800000","2019-05-07T17:35:27.713+08:00","127","7","mardi","17.590833333333332","84","Sport","Sport Str",,,,,,,,,,,,,,,,,,,,,,,,,
"1557224794601","28800000","2019-05-07T18:26:34.601+08:00","127","7","mardi","18.442777777777778","85","Sport","Sport End",,,,,,,,,,,,,,,,,,,,,,,,,
"1557561058366","28800000","2019-05-11T15:50:58.366+08:00","131","11","samedi","15.849444444444444","86","Sport","Sport Str",,,,,,,,,,,,,,,,,,,,,,,,,
"1557565828026","28800000","2019-05-11T17:10:28.026+08:00","131","11","samedi","17.174444444444443","87","Sport","Sport End",,,,,,,,,,,,,,,,,,,,,,,,,
"1557566680631","28800000","2019-05-11T17:24:40.631+08:00","131","11","samedi","17.41111111111111","88","Sport","Sport Str",,,,,,,,,,,,,,,,,,,,,,,,,
"1557567198997","28800000","2019-05-11T17:33:18.997+08:00","131","11","samedi","17.555","89","Sport","Sport End",,,,,,,,,,,,,,,,,,,,,,,,,
"1557625502953","28800000","2019-05-12T09:45:02.953+08:00","132","12","dimanche","9.750555555555556","90","Sport","Sport Str",,,,,,,,,,,,,,,,,,,,,,,,,
"1557632357607","28800000","2019-05-12T11:39:17.607+08:00","132","12","dimanche","11.654722222222222","91","Sport","Sport End",,,,,,,,,,,,,,,,,,,,,,,,,
"1557913540876","28800000","2019-05-15T17:45:40.876+08:00","135","15","mercredi","17.761111111111113","94","Sport","Sport Str",,,,,,,,,,,,,,,,,,,,,,,,,
"1557914203000","28800000","2019-05-15T17:56:43.000+08:00","135","15","mercredi","17.94527777777778","95","Sport","Sport End",,,,,,,,,,,,,,,,,,,,,,,,,
"1558170042006","28800000","2019-05-18T17:00:42.006+08:00","138","18","samedi","17.011666666666667","96","Sport","Sport Str",,,,,,,,,,,,,,,,,,,,,,,,,
"1558173644494","28800000","2019-05-18T18:00:44.494+08:00","138","18","samedi","18.01222222222222","97","Sport","Sport End",,,,,,,,,,,,,,,,,,,,,,,,,
"1558257990274","28800000","2019-05-19T17:26:30.274+08:00","139","19","dimanche","17.441666666666666","98","Sport","Sport Str",,,,,,,,,,,,,,,,,,,,,,,,,
"1558261971004","28800000","2019-05-19T18:32:51.004+08:00","139","19","dimanche","18.5475","99","Sport","Sport End",,,,,,,,,,,,,,,,,,,,,,,,,
"1558344632105","28800000","2019-05-20T17:30:32.105+08:00","140","20","lundi","17.50888888888889","100","Sport","Sport Str",,,,,,,,,,,,,,,,,,,,,,,,,
"1558350034494","28800000","2019-05-20T19:00:34.494+08:00","140","20","lundi","19.009444444444444","101","Sport","Sport End",,,,,,,,,,,,,,,,,,,,,,,,,
"1558430399039","28800000","2019-05-21T17:19:59.039+08:00","141","21","mardi","17.333055555555557","102","Sport","Sport Str",,,,,,,,,,,,,,,,,,,,,,,,,
"1558431628772","28800000","2019-05-21T17:40:28.772+08:00","141","21","mardi","17.674444444444443","103","Sport","Sport End",,,,,,,,,,,,,,,,,,,,,,,,,
"1558605150474","28800000","2019-05-23T17:52:30.474+08:00","143","23","jeudi","17.875","104","Sport","Sport Str",,,,,,,,,,,,,,,,,,,,,,,,,
"1558607424751","28800000","2019-05-23T18:30:24.751+08:00","143","23","jeudi","18.506666666666668","105","Sport","Sport End",,,,,,,,,,,,,,,,,,,,,,,,,
"1558761780541","28800000","2019-05-25T13:23:00.541+08:00","145","25","samedi","13.383333333333333","106","Sport","Sport Str",,,,,,,,,,,,,,,,,,,,,,,,,
"1558767036268","28800000","2019-05-25T14:50:36.268+08:00","145","25","samedi","14.843333333333334","107","Sport","Sport End",,,,,,,,,,,,,,,,,,,,,,,,,
"1558773795720","28800000","2019-05-25T16:43:15.720+08:00","145","25","samedi","16.720833333333335","108","Sport","Sport Str",,,,,,,,,,,,,,,,,,,,,,,,,
"1558776099359","28800000","2019-05-25T17:21:39.359+08:00","145","25","samedi","17.360833333333332","109","Sport","Sport End",,,,,,,,,,,,,,,,,,,,,,,,,
"1558851844819","28800000","2019-05-26T14:24:04.819+08:00","146","26","dimanche","14.401111111111112","110","Sport","Sport Str",,,,,,,,,,,,,,,,,,,,,,,,,
"1558860291820","28800000","2019-05-26T16:44:51.820+08:00","146","26","dimanche","16.7475","111","Sport","Sport End",,,,,,,,,,,,,,,,,,,,,,,,,
"1558936207150","28800000","2019-05-27T13:50:07.150+08:00","147","27","lundi","13.835277777777778","112","Sport","Sport Str",,,,,,,,,,,,,,,,,,,,,,,,,
"1558944046140","28800000","2019-05-27T16:00:46.140+08:00","147","27","lundi","16.012777777777778","113","Sport","Sport End",,,,,,,,,,,,,,,,,,,,,,,,,
"1559211016533","28800000","2019-05-30T18:10:16.533+08:00","150","30","jeudi","18.17111111111111","114","Sport","Sport Str",,,,,,,,,,,,,,,,,,,,,,,,,
"1559212496420","28800000","2019-05-30T18:34:56.420+08:00","150","30","jeudi","18.58222222222222","115","Sport","Sport End",,,,,,,,,,,,,,,,,,,,,,,,,
"1559382322674","28800000","2019-06-01T17:45:22.674+08:00","152","1","samedi","17.75611111111111","116","Sport","Sport Str",,,,,,,,,,,,,,,,,,,,,,,,,
"1559384081644","28800000","2019-06-01T18:14:41.644+08:00","152","1","samedi","18.244722222222222","117","Sport","Sport End",,,,,,,,,,,,,,,,,,,,,,,,,
"1559553813194","28800000","2019-06-03T17:23:33.194+08:00","154","3","lundi","17.3925","118","Sport","Sport Str",,,,,,,,,,,,,,,,,,,,,,,,,
"1559557150286","28800000","2019-06-03T18:19:10.286+08:00","154","3","lundi","18.319444444444443","119","Sport","Sport End",,,,,,,,,,,,,,,,,,,,,,,,,
"1559640711430","28800000","2019-06-04T17:31:51.430+08:00","155","4","mardi","17.530833333333334","120","Sport","Sport Str",,,,,,,,,,,,,,,,,,,,,,,,,
"1559642758364","28800000","2019-06-04T18:05:58.364+08:00","155","4","mardi","18.099444444444444","121","Sport","Sport End",,,,,,,,,,,,,,,,,,,,,,,,,
"1559726539242","28800000","2019-06-05T17:22:19.242+08:00","156","5","mercredi","17.371944444444445","122","Sport","Sport Str",,,,,,,,,,,,,,,,,,,,,,,,,
"1559729231894","28800000","2019-06-05T18:07:11.894+08:00","156","5","mercredi","18.119722222222222","123","Sport","Sport End",,,,,,,,,,,,,,,,,,,,,,,,,
"1559813861878","28800000","2019-06-06T17:37:41.878+08:00","157","6","jeudi","17.628055555555555","124","Sport","Sport Str",,,,,,,,,,,,,,,,,,,,,,,,,
"1559815966722","28800000","2019-06-06T18:12:46.722+08:00","157","6","jeudi","18.212777777777777","125","Sport","Sport End",,,,,,,,,,,,,,,,,,,,,,,,,
"1560073268374","28800000","2019-06-09T17:41:08.374+08:00","160","9","dimanche","17.685555555555556","126","Sport","Sport Str",,,,,,,,,,,,,,,,,,,,,,,,,
"1560076528154","28800000","2019-06-09T18:35:28.154+08:00","160","9","dimanche","18.59111111111111","127","Sport","Sport End",,,,,,,,,,,,,,,,,,,,,,,,,
"1560415481525","28800000","2019-06-13T16:44:41.525+08:00","164","13","jeudi","16.744722222222222","128","Sport","Sport Str",,,,,,,,,,,,,,,,,,,,,,,,,
"1560417186955","28800000","2019-06-13T17:13:06.955+08:00","164","13","jeudi","17.218333333333334","129","Sport","Sport End",,,,,,,,,,,,,,,,,,,,,,,,,
"1560504196237","28800000","2019-06-14T17:23:16.237+08:00","165","14","vendredi","17.387777777777778","130","Sport","Sport Str",,,,,,,,,,,,,,,,,,,,,,,,,
"1560508342914","28800000","2019-06-14T18:32:22.914+08:00","165","14","vendredi","18.539444444444445","131","Sport","Sport End",,,,,,,,,,,,,,,,,,,,,,,,,
"1560584020934","28800000","2019-06-15T15:33:40.934+08:00","166","15","samedi","15.561111111111112","132","Sport","Sport Str",,,,,,,,,,,,,,,,,,,,,,,,,
"1560588047505","28800000","2019-06-15T16:40:47.505+08:00","166","15","samedi","16.67972222222222","133","Sport","Sport End",,,,,,,,,,,,,,,,,,,,,,,,,
"1560753792190","28800000","2019-06-17T14:43:12.190+08:00","168","17","lundi","14.72","134","Sport","Sport Str",,,,,,,,,,,,,,,,,,,,,,,,,
"1560759663450","28800000","2019-06-17T16:21:03.450+08:00","168","17","lundi","16.350833333333334","135","Sport","Sport End",,,,,,,,,,,,,,,,,,,,,,,,,
"1560822777533","28800000","2019-06-18T09:52:57.533+08:00","169","18","mardi","9.8825","137","Sport","Sport Str",,,,,,,,,,,,,,,,,,,,,,,,,
"1560827515638","28800000","2019-06-18T11:11:55.638+08:00","169","18","mardi","11.198611111111111","138","Sport","Sport End",,,,,,,,,,,,,,,,,,,,,,,,,
"1560924151947","28800000","2019-06-19T14:02:31.947+08:00","170","19","mercredi","14.041944444444445","140","Sport","Sport Str",,,,,,,,,,,,,,,,,,,,,,,,,
"1560925288563","28800000","2019-06-19T14:21:28.563+08:00","170","19","mercredi","14.357777777777777","141","Sport","Sport End",,,,,,,,,,,,,,,,,,,,,,,,,
"1560930640891","28800000","2019-06-19T15:50:40.891+08:00","170","19","mercredi","15.844444444444445","142","Sport","Sport Str",,,,,,,,,,,,,,,,,,,,,,,,,
"1560934131511","28800000","2019-06-19T16:48:51.511+08:00","170","19","mercredi","16.814166666666665","144","Sport","Sport End",,,,,,,,,,,,,,,,,,,,,,,,,
"1561101798939","28800000","2019-06-21T15:23:18.939+08:00","172","21","vendredi","15.388333333333334","146","Sport","Sport Str",,,,,,,,,,,,,,,,,,,,,,,,,
"1561106941568","28800000","2019-06-21T16:49:01.568+08:00","172","21","vendredi","16.816944444444445","147","Sport","Sport End",,,,,,,,,,,,,,,,,,,,,,,,,
"1561348119307","28800000","2019-06-24T11:48:39.307+08:00","175","24","lundi","11.810833333333333","148","Sport","Sport Str",,,,,,,,,,,,,,,,,,,,,,,,,
"1561350734435","28800000","2019-06-24T12:32:14.435+08:00","175","24","lundi","12.537222222222223","149","Sport","Sport End",,,,,,,,,,,,,,,,,,,,,,,,,
"1561352420132","28800000","2019-06-24T13:00:20.132+08:00","175","24","lundi","13.005555555555556","150","Sport","Sport Str",,,,,,,,,,,,,,,,,,,,,,,,,
"1561357282012","28800000","2019-06-24T14:21:22.012+08:00","175","24","lundi","14.356111111111112","151","Sport","Sport End",,,,,,,,,,,,,,,,,,,,,,,,,
"1561368212573","28800000","2019-06-24T17:23:32.573+08:00","175","24","lundi","17.392222222222223","153","Sport","Sport Str",,,,,,,,,,,,,,,,,,,,,,,,,
"1561372623270","28800000","2019-06-24T18:37:03.270+08:00","175","24","lundi","18.6175","154","Sport","Sport End",,,,,,,,,,,,,,,,,,,,,,,,,
"1561429286800","28800000","2019-06-25T10:21:26.800+08:00","176","25","mardi","10.357222222222223","155","Sport","Sport Str",,,,,,,,,,,,,,,,,,,,,,,,,
"1561431911241","28800000","2019-06-25T11:05:11.241+08:00","176","25","mardi","11.086388888888889","156","Sport","Sport End",,,,,,,,,,,,,,,,,,,,,,,,,
"1561541324068","28800000","2019-06-26T17:28:44.068+08:00","177","26","mercredi","17.47888888888889","157","Sport","Sport Str",,,,,,,,,,,,,,,,,,,,,,,,,
"1561545339154","28800000","2019-06-26T18:35:39.154+08:00","177","26","mercredi","18.594166666666666","158","Sport","Sport End",,,,,,,,,,,,,,,,,,,,,,,,,
"1561623462834","28800000","2019-06-27T16:17:42.834+08:00","178","27","jeudi","16.295","159","Sport","Sport Str",,,,,,,,,,,,,,,,,,,,,,,,,
"1561627483020","28800000","2019-06-27T17:24:43.020+08:00","178","27","jeudi","17.411944444444444","160","Sport","Sport End",,,,,,,,,,,,,,,,,,,,,,,,,
"1561800725204","28800000","2019-06-29T17:32:05.204+08:00","180","29","samedi","17.53472222222222","161","Sport","Sport Str",,,,,,,,,,,,,,,,,,,,,,,,,
"1561803827219","28800000","2019-06-29T18:23:47.219+08:00","180","29","samedi","18.39638888888889","162","Sport","Sport End",,,,,,,,,,,,,,,,,,,,,,,,,
"1561861881672","28800000","2019-06-30T10:31:21.672+08:00","181","30","dimanche","10.5225","163","Sport","Sport Str",,,,,,,,,,,,,,,,,,,,,,,,,
"1561865180666","28800000","2019-06-30T11:26:20.666+08:00","181","30","dimanche","11.438888888888888","164","Sport","Sport End",,,,,,,,,,,,,,,,,,,,,,,,,
"1561970450193","28800000","2019-07-01T16:40:50.193+08:00","182","1","lundi","16.680555555555557","165","Sport","Sport Str",,,,,,,,,,,,,,,,,,,,,,,,,
"1561974259995","28800000","2019-07-01T17:44:19.995+08:00","182","1","lundi","17.738611111111112","166","Sport","Sport End",,,,,,,,,,,,,,,,,,,,,,,,,
"1562060779233","28800000","2019-07-02T17:46:19.233+08:00","183","2","mardi","17.771944444444443","167","Sport","Sport Str",,,,,,,,,,,,,,,,,,,,,,,,,
"1562063449683","28800000","2019-07-02T18:30:49.683+08:00","183","2","mardi","18.51361111111111","168","Sport","Sport End",,,,,,,,,,,,,,,,,,,,,,,,,
"1562199629564","28800000","2019-07-04T08:20:29.564+08:00","185","4","jeudi","8.341388888888888","169","Sport","Sport Str",,,,,,,,,,,,,,,,,,,,,,,,,
"1562203232070","28800000","2019-07-04T09:20:32.070+08:00","185","4","jeudi","9.342222222222222","170","Sport","Sport End",,,,,,,,,,,,,,,,,,,,,,,,,
"1562549415303","28800000","2019-07-08T09:30:15.303+08:00","189","8","lundi","9.504166666666666","171","Sport","Sport Str",,,,,,,,,,,,,,,,,,,,,,,,,
"1562553917225","28800000","2019-07-08T10:45:17.225+08:00","189","8","lundi","10.754722222222222","172","Sport","Sport End",,,,,,,,,,,,,,,,,,,,,,,,,
"1562825734822","28800000","2019-07-11T14:15:34.822+08:00","192","11","jeudi","14.259444444444444","173","Sport","Sport Str",,,,,,,,,,,,,,,,,,,,,,,,,
"1562829336494","28800000","2019-07-11T15:15:36.494+08:00","192","11","jeudi","15.26","174","Sport","Sport End",,,,,,,,,,,,,,,,,,,,,,,,,
"1562992480485","28800000","2019-07-13T12:34:40.485+08:00","194","13","samedi","12.577777777777778","175","Sport","Sport Str",,,,,,,,,,,,,,,,,,,,,,,,,
"1562997431433","28800000","2019-07-13T13:57:11.433+08:00","194","13","samedi","13.953055555555556","176","Sport","Sport End",,,,,,,,,,,,,,,,,,,,,,,,,
"1563009061076","28800000","2019-07-13T17:11:01.076+08:00","194","13","samedi","17.183611111111112","177","Sport","Sport Str",,,,,,,,,,,,,,,,,,,,,,,,,
"1563010499963","28800000","2019-07-13T17:34:59.963+08:00","194","13","samedi","17.583055555555557","178","Sport","Sport End",,,,,,,,,,,,,,,,,,,,,,,,,
"1563071743907","28800000","2019-07-14T10:35:43.907+08:00","195","14","dimanche","10.595277777777778","179","Sport","Sport Str",,,,,,,,,,,,,,,,,,,,,,,,,
"1563072631917","28800000","2019-07-14T10:50:31.917+08:00","195","14","dimanche","10.841944444444444","180","Sport","Sport End",,,,,,,,,,,,,,,,,,,,,,,,,
"1563074528164","28800000","2019-07-14T11:22:08.164+08:00","195","14","dimanche","11.36888888888889","181","Sport","Sport Str",,,,,,,,,,,,,,,,,,,,,,,,,
"1563075013585","28800000","2019-07-14T11:30:13.585+08:00","195","14","dimanche","11.50361111111111","182","Sport","Sport End",,,,,,,,,,,,,,,,,,,,,,,,,
"1563083376058","28800000","2019-07-14T13:49:36.058+08:00","195","14","dimanche","13.826666666666666","183","Sport","Sport Str",,,,,,,,,,,,,,,,,,,,,,,,,
"1563085658715","28800000","2019-07-14T14:27:38.715+08:00","195","14","dimanche","14.460555555555555","184","Sport","Sport End",,,,,,,,,,,,,,,,,,,,,,,,,
"1563185116857","28800000","2019-07-15T18:05:16.857+08:00","196","15","lundi","18.087777777777777","185","Sport","Sport Str",,,,,,,,,,,,,,,,,,,,,,,,,
"1563349856412","28800000","2019-07-17T15:50:56.412+08:00","198","17","mercredi","15.848888888888888","186","Sport","Sport Str",,,,,,,,,,,,,,,,,,,,,,,,,
"1563352837792","28800000","2019-07-17T16:40:37.792+08:00","198","17","mercredi","16.676944444444445","187","Sport","Sport End",,,,,,,,,,,,,,,,,,,,,,,,,
"1563425137629","28800000","2019-07-18T12:45:37.629+08:00","199","18","jeudi","12.760277777777778","188","Sport","Sport Str",,,,,,,,,,,,,,,,,,,,,,,,,
"1563428704028","28800000","2019-07-18T13:45:04.028+08:00","199","18","jeudi","13.751111111111111","189","Sport","Sport End",,,,,,,,,,,,,,,,,,,,,,,,,
"1563617735360","28800000","2019-07-20T18:15:35.360+08:00","201","20","samedi","18.259722222222223","190","Sport","Sport Str",,,,,,,,,,,,,,,,,,,,,,,,,
"1563624018762","28800000","2019-07-20T20:00:18.762+08:00","201","20","samedi","20.005","192","Sport","Sport End",,,,,,,,,,,,,,,,,,,,,,,,,
"1563688440324","28800000","2019-07-21T13:54:00.324+08:00","202","21","dimanche","13.9","193","Sport","Sport Str",,,,,,,,,,,,,,,,,,,,,,,,,
"1563692255616","28800000","2019-07-21T14:57:35.616+08:00","202","21","dimanche","14.959722222222222","194","Sport","Sport End",,,,,,,,,,,,,,,,,,,,,,,,,
"1563693051110","28800000","2019-07-21T15:10:51.110+08:00","202","21","dimanche","15.180833333333334","195","Sport","Sport Str",,,,,,,,,,,,,,,,,,,,,,,,,
"1563694991866","28800000","2019-07-21T15:43:11.866+08:00","202","21","dimanche","15.719722222222222","196","Sport","Sport End",,,,,,,,,,,,,,,,,,,,,,,,,
"1563698485675","28800000","2019-07-21T16:41:25.675+08:00","202","21","dimanche","16.690277777777776","197","Sport","Sport Str",,,,,,,,,,,,,,,,,,,,,,,,,
"1563700127956","28800000","2019-07-21T17:08:47.956+08:00","202","21","dimanche","17.14638888888889","198","Sport","Sport End",,,,,,,,,,,,,,,,,,,,,,,,,
"1563954691377","28800000","2019-07-24T15:51:31.377+08:00","205","24","mercredi","15.858611111111111","199","Sport","Sport Str",,,,,,,,,,,,,,,,,,,,,,,,,
"1563956298021","28800000","2019-07-24T16:18:18.021+08:00","205","24","mercredi","16.305","200","Sport","Sport End",,,,,,,,,,,,,,,,,,,,,,,,,
"1564048049674","28800000","2019-07-25T17:47:29.674+08:00","206","25","jeudi","17.79138888888889","201","Sport","Sport Str",,,,,,,,,,,,,,,,,,,,,,,,,
"1564049938858","28800000","2019-07-25T18:18:58.858+08:00","206","25","jeudi","18.316111111111113","202","Sport","Sport End",,,,,,,,,,,,,,,,,,,,,,,,,
"1564119712278","28800000","2019-07-26T13:41:52.278+08:00","207","26","vendredi","13.697777777777778","203","Sport","Sport Str",,,,,,,,,,,,,,,,,,,,,,,,,
"1564120542539","28800000","2019-07-26T13:55:42.539+08:00","207","26","vendredi","13.928333333333333","204","Sport","Sport End",,,,,,,,,,,,,,,,,,,,,,,,,
"1564221092416","28800000","2019-07-27T17:51:32.416+08:00","208","27","samedi","17.858888888888888","205","Sport","Sport Str",,,,,,,,,,,,,,,,,,,,,,,,,
"1564222850411","28800000","2019-07-27T18:20:50.411+08:00","208","27","samedi","18.34722222222222","206","Sport","Sport End",,,,,,,,,,,,,,,,,,,,,,,,,
"1564307496121","28800000","2019-07-28T17:51:36.121+08:00","209","28","dimanche","17.86","207","Sport","Sport Str",,,,,,,,,,,,,,,,,,,,,,,,,
"1564310116438","28800000","2019-07-28T18:35:16.438+08:00","209","28","dimanche","18.587777777777777","208","Sport","Sport End",,,,,,,,,,,,,,,,,,,,,,,,,
"1564392320477","28800000","2019-07-29T17:25:20.477+08:00","210","29","lundi","17.42222222222222","210","Sport","Sport End",,,,,,,,,,,,,,,,,,,,,,,,,
"1564395498286","28800000","2019-07-29T18:18:18.286+08:00","210","29","lundi","18.305","209","Sport","Sport Str",,,,,,,,,,,,,,,,,,,,,,,,,
"1564480522108","28800000","2019-07-30T17:55:22.108+08:00","211","30","mardi","17.922777777777778","211","Sport","Sport Str",,,,,,,,,,,,,,,,,,,,,,,,,
"1564482450811","28800000","2019-07-30T18:27:30.811+08:00","211","30","mardi","18.458333333333332","212","Sport","Sport End",,,,,,,,,,,,,,,,,,,,,,,,,
"1564566298648","28800000","2019-07-31T17:44:58.648+08:00","212","31","mercredi","17.749444444444443","213","Sport","Sport Str",,,,,,,,,,,,,,,,,,,,,,,,,
"1564569220024","28800000","2019-07-31T18:33:40.024+08:00","212","31","mercredi","18.56111111111111","214","Sport","Sport End",,,,,,,,,,,,,,,,,,,,,,,,,
"1564619425971","28800000","2019-08-01T08:30:25.971+08:00","213","1","jeudi","8.506944444444445","215","Sport","Sport Str",,,,,,,,,,,,,,,,,,,,,,,,,
"1564623028680","28800000","2019-08-01T09:30:28.680+08:00","213","1","jeudi","9.507777777777777","216","Sport","Sport End",,,,,,,,,,,,,,,,,,,,,,,,,
"1564652799050","28800000","2019-08-01T17:46:39.050+08:00","213","1","jeudi","17.7775","217","Sport","Sport Str",,,,,,,,,,,,,,,,,,,,,,,,,
"1564655010720","28800000","2019-08-01T18:23:30.720+08:00","213","1","jeudi","18.391666666666666","218","Sport","Sport End",,,,,,,,,,,,,,,,,,,,,,,,,
"1564826274946","28800000","2019-08-03T17:57:54.946+08:00","215","3","samedi","17.965","219","Sport","Sport Str",,,,,,,,,,,,,,,,,,,,,,,,,
"1564828256854","28800000","2019-08-03T18:30:56.854+08:00","215","3","samedi","18.515555555555554","220","Sport","Sport End",,,,,,,,,,,,,,,,,,,,,,,,,
"1565085556809","28800000","2019-08-06T17:59:16.809+08:00","218","6","mardi","17.98777777777778","221","Sport","Sport Str",,,,,,,,,,,,,,,,,,,,,,,,,
"1565087145214","28800000","2019-08-06T18:25:45.214+08:00","218","6","mardi","18.429166666666667","222","Sport","Sport End",,,,,,,,,,,,,,,,,,,,,,,,,
"1565171972670","28800000","2019-08-07T17:59:32.670+08:00","219","7","mercredi","17.99222222222222","223","Sport","Sport Str",,,,,,,,,,,,,,,,,,,,,,,,,
"1565174526933","28800000","2019-08-07T18:42:06.933+08:00","219","7","mercredi","18.701666666666668","224","Sport","Sport End",,,,,,,,,,,,,,,,,,,,,,,,,
"1565258652055","28800000","2019-08-08T18:04:12.055+08:00","220","8","jeudi","18.07","225","Sport","Sport Str",,,,,,,,,,,,,,,,,,,,,,,,,
"1565260523378","28800000","2019-08-08T18:35:23.378+08:00","220","8","jeudi","18.58972222222222","226","Sport","Sport End",,,,,,,,,,,,,,,,,,,,,,,,,
"1565409731118","28800000","2019-08-10T12:02:11.118+08:00","222","10","samedi","12.036388888888888","227","Sport","Sport Str",,,,,,,,,,,,,,,,,,,,,,,,,
"1565425112997","28800000","2019-08-10T16:18:32.997+08:00","222","10","samedi","16.308888888888887","228","Sport","Sport End",,,,,,,,,,,,,,,,,,,,,,,,,
"1565485233882","28800000","2019-08-11T09:00:33.882+08:00","223","11","dimanche","9.009166666666667","229","Sport","Sport Str",,,,,,,,,,,,,,,,,,,,,,,,,
"1565490635694","28800000","2019-08-11T10:30:35.694+08:00","223","11","dimanche","10.509722222222223","230","Sport","Sport End",,,,,,,,,,,,,,,,,,,,,,,,,
"1565679614212","28800000","2019-08-13T15:00:14.212+08:00","225","13","mardi","15.00388888888889","234","Sport","Sport End",,,,,,,,,,,,,,,,,,,,,,,,,
"1565683212607","28800000","2019-08-13T16:00:12.607+08:00","225","13","mardi","16.003333333333334","233","Sport","Sport Str",,,,,,,,,,,,,,,,,,,,,,,,,
"1565776110165","28800000","2019-08-14T17:48:30.165+08:00","226","14","mercredi","17.808333333333334","235","Sport","Sport Str",,,,,,,,,,,,,,,,,,,,,,,,,
"1565778326100","28800000","2019-08-14T18:25:26.100+08:00","226","14","mercredi","18.42388888888889","236","Sport","Sport End",,,,,,,,,,,,,,,,,,,,,,,,,
"1565861905407","28800000","2019-08-15T17:38:25.407+08:00","227","15","jeudi","17.64027777777778","237","Sport","Sport Str",,,,,,,,,,,,,,,,,,,,,,,,,
"1565865780838","28800000","2019-08-15T18:43:00.838+08:00","227","15","jeudi","18.716666666666665","238","Sport","Sport End",,,,,,,,,,,,,,,,,,,,,,,,,
"1566034205338","28800000","2019-08-17T17:30:05.338+08:00","229","17","samedi","17.50138888888889","239","Sport","Sport Str",,,,,,,,,,,,,,,,,,,,,,,,,
"1566038415234","28800000","2019-08-17T18:40:15.234+08:00","229","17","samedi","18.670833333333334","240","Sport","Sport End",,,,,,,,,,,,,,,,,,,,,,,,,
"1566120108702","28800000","2019-08-18T17:21:48.702+08:00","230","18","dimanche","17.363333333333333","241","Sport","Sport Str",,,,,,,,,,,,,,,,,,,,,,,,,
"1566124713924","28800000","2019-08-18T18:38:33.924+08:00","230","18","dimanche","18.6425","242","Sport","Sport End",,,,,,,,,,,,,,,,,,,,,,,,,
"1566208946463","28800000","2019-08-19T18:02:26.463+08:00","231","19","lundi","18.040555555555557","243","Sport","Sport Str",,,,,,,,,,,,,,,,,,,,,,,,,
"1566211449036","28800000","2019-08-19T18:44:09.036+08:00","231","19","lundi","18.735833333333332","244","Sport","Sport End",,,,,,,,,,,,,,,,,,,,,,,,,
"1566281986624","28800000","2019-08-20T14:19:46.624+08:00","232","20","mardi","14.329444444444444","245","Sport","Sport Str",,,,,,,,,,,,,,,,,,,,,,,,,
"1566284677917","28800000","2019-08-20T15:04:37.917+08:00","232","20","mardi","15.076944444444445","246","Sport","Sport End",,,,,,,,,,,,,,,,,,,,,,,,,
"1566459636307","28800000","2019-08-22T15:40:36.307+08:00","234","22","jeudi","15.676666666666666","247","Sport","Sport Str",,,,,,,,,,,,,,,,,,,,,,,,,
"1566463238113","28800000","2019-08-22T16:40:38.113+08:00","234","22","jeudi","16.677222222222223","248","Sport","Sport End",,,,,,,,,,,,,,,,,,,,,,,,,
"1566629424088","28800000","2019-08-24T14:50:24.088+08:00","236","24","samedi","14.84","249","Sport","Sport Str",,,,,,,,,,,,,,,,,,,,,,,,,
"1566639942012","28800000","2019-08-24T17:45:42.012+08:00","236","24","samedi","17.761666666666667","250","Sport","Sport End",,,,,,,,,,,,,,,,,,,,,,,,,
"1566701480583","28800000","2019-08-25T10:51:20.583+08:00","237","25","dimanche","10.855555555555556","251","Sport","Sport Str",,,,,,,,,,,,,,,,,,,,,,,,,
"1566704529111","28800000","2019-08-25T11:42:09.111+08:00","237","25","dimanche","11.7025","252","Sport","Sport End",,,,,,,,,,,,,,,,,,,,,,,,,
"1566705922571","28800000","2019-08-25T12:05:22.571+08:00","237","25","dimanche","12.089444444444444","253","Sport","Sport Str",,,,,,,,,,,,,,,,,,,,,,,,,
"1566711280951","28800000","2019-08-25T13:34:40.951+08:00","237","25","dimanche","13.577777777777778","254","Sport","Sport End",,,,,,,,,,,,,,,,,,,,,,,,,
"1566806569741","28800000","2019-08-26T16:02:49.741+08:00","238","26","lundi","16.046944444444446","255","Sport","Sport Str",,,,,,,,,,,,,,,,,,,,,,,,,
"1566807572266","28800000","2019-08-26T16:19:32.266+08:00","238","26","lundi","16.325555555555557","256","Sport","Sport End",,,,,,,,,,,,,,,,,,,,,,,,,
"1566977524041","28800000","2019-08-28T15:32:04.041+08:00","240","28","mercredi","15.534444444444444","257","Sport","Sport Str",,,,,,,,,,,,,,,,,,,,,,,,,
"1566979249502","28800000","2019-08-28T16:00:49.502+08:00","240","28","mercredi","16.01361111111111","258","Sport","Sport End",,,,,,,,,,,,,,,,,,,,,,,,,
"1567070163647","28800000","2019-08-29T17:16:03.647+08:00","241","29","jeudi","17.2675","259","Sport","Sport Str",,,,,,,,,,,,,,,,,,,,,,,,,
"1567071298893","28800000","2019-08-29T17:34:58.893+08:00","241","29","jeudi","17.58277777777778","260","Sport","Sport End",,,,,,,,,,,,,,,,,,,,,,,,,
"1567331399543","28800000","2019-09-01T17:49:59.543+08:00","244","1","dimanche","17.833055555555557","261","Sport","Sport Str",,,,,,,,,,,,,,,,,,,,,,,,,
"1567334520927","28800000","2019-09-01T18:42:00.927+08:00","244","1","dimanche","18.7","262","Sport","Sport End",,,,,,,,,,,,,,,,,,,,,,,,,
"1567503044549","28800000","2019-09-03T17:30:44.549+08:00","246","3","mardi","17.51222222222222","263","Sport","Sport Str",,,,,,,,,,,,,,,,,,,,,,,,,
"1567506957629","28800000","2019-09-03T18:35:57.629+08:00","246","3","mardi","18.599166666666665","264","Sport","Sport End",,,,,,,,,,,,,,,,,,,,,,,,,
"1567589618248","28800000","2019-09-04T17:33:38.248+08:00","247","4","mercredi","17.560555555555556","265","Sport","Sport Str",,,,,,,,,,,,,,,,,,,,,,,,,
"1567592651131","28800000","2019-09-04T18:24:11.131+08:00","247","4","mercredi","18.403055555555557","266","Sport","Sport End",,,,,,,,,,,,,,,,,,,,,,,,,
"1567675879433","28800000","2019-09-05T17:31:19.433+08:00","248","5","jeudi","17.521944444444443","267","Sport","Sport Str",,,,,,,,,,,,,,,,,,,,,,,,,
"1567678105121","28800000","2019-09-05T18:08:25.121+08:00","248","5","jeudi","18.14027777777778","268","Sport","Sport End",,,,,,,,,,,,,,,,,,,,,,,,,
"1567849190441","28800000","2019-09-07T17:39:50.441+08:00","250","7","samedi","17.663888888888888","269","Sport","Sport Str",,,,,,,,,,,,,,,,,,,,,,,,,
"1567851848027","28800000","2019-09-07T18:24:08.027+08:00","250","7","samedi","18.40222222222222","270","Sport","Sport End",,,,,,,,,,,,,,,,,,,,,,,,,
"1567910413930","28800000","2019-09-08T10:40:13.930+08:00","251","8","dimanche","10.670277777777777","271","Sport","Sport Str",,,,,,,,,,,,,,,,,,,,,,,,,
"1567913426030","28800000","2019-09-08T11:30:26.030+08:00","251","8","dimanche","11.507222222222222","272","Sport","Sport End",,,,,,,,,,,,,,,,,,,,,,,,,
"1567922178336","28800000","2019-09-08T13:56:18.336+08:00","251","8","dimanche","13.938333333333333","274","Sport","Sport Str",,,,,,,,,,,,,,,,,,,,,,,,,
"1567922748512","28800000","2019-09-08T14:05:48.512+08:00","251","8","dimanche","14.096666666666666","275","Sport","Sport End",,,,,,,,,,,,,,,,,,,,,,,,,
"1567923485963","28800000","2019-09-08T14:18:05.963+08:00","251","8","dimanche","14.301388888888889","276","Sport","Sport Str",,,,,,,,,,,,,,,,,,,,,,,,,
"1567928740380","28800000","2019-09-08T15:45:40.380+08:00","251","8","dimanche","15.761111111111111","277","Sport","Sport End",,,,,,,,,,,,,,,,,,,,,,,,,
"1567929700801","28800000","2019-09-08T16:01:40.801+08:00","251","8","dimanche","16.02777777777778","278","Sport","Sport Str",,,,,,,,,,,,,,,,,,,,,,,,,
"1567933368168","28800000","2019-09-08T17:02:48.168+08:00","251","8","dimanche","17.046666666666667","279","Sport","Sport End",,,,,,,,,,,,,,,,,,,,,,,,,
"1568018376980","28800000","2019-09-09T16:39:36.980+08:00","252","9","lundi","16.66","280","Sport","Sport Str",,,,,,,,,,,,,,,,,,,,,,,,,
"1568020760034","28800000","2019-09-09T17:19:20.034+08:00","252","9","lundi","17.322222222222223","281","Sport","Sport End",,,,,,,,,,,,,,,,,,,,,,,,,
"1568108499391","28800000","2019-09-10T17:41:39.391+08:00","253","10","mardi","17.694166666666668","282","Sport","Sport Str",,,,,,,,,,,,,,,,,,,,,,,,,
"1568111104846","28800000","2019-09-10T18:25:04.846+08:00","253","10","mardi","18.41777777777778","283","Sport","Sport End",,,,,,,,,,,,,,,,,,,,,,,,,
"1568194078633","28800000","2019-09-11T17:27:58.633+08:00","254","11","mercredi","17.46611111111111","284","Sport","Sport Str",,,,,,,,,,,,,,,,,,,,,,,,,
"1568196895143","28800000","2019-09-11T18:14:55.143+08:00","254","11","mercredi","18.24861111111111","285","Sport","Sport End",,,,,,,,,,,,,,,,,,,,,,,,,
"1568362661120","28800000","2019-09-13T16:17:41.120+08:00","256","13","vendredi","16.294722222222223","286","Sport","Sport Str",,,,,,,,,,,,,,,,,,,,,,,,,
"1568363952376","28800000","2019-09-13T16:39:12.376+08:00","256","13","vendredi","16.653333333333332","287","Sport","Sport End",,,,,,,,,,,,,,,,,,,,,,,,,
"1568449453061","28800000","2019-09-14T16:24:13.061+08:00","257","14","samedi","16.40361111111111","288","Sport","Sport Str",,,,,,,,,,,,,,,,,,,,,,,,,
"1568451619524","28800000","2019-09-14T17:00:19.524+08:00","257","14","samedi","17.005277777777778","289","Sport","Sport End",,,,,,,,,,,,,,,,,,,,,,,,,
"1568811013191","7200000","2019-09-18T14:50:13.191+02:00","261","18","mercredi","14.836944444444445","290","Sport","Sport Str",,,,,,,,,,,,,,,,,,,,,,,,,
"1568814578112","7200000","2019-09-18T15:49:38.112+02:00","261","18","mercredi","15.827222222222222","291","Sport","Sport End",,,,,,,,,,,,,,,,,,,,,,,,,
"1568822965223","7200000","2019-09-18T18:09:25.223+02:00","261","18","mercredi","18.156944444444445","292","Sport","Sport Str",,,,,,,,,,,,,,,,,,,,,,,,,
"1568823902600","7200000","2019-09-18T18:25:02.600+02:00","261","18","mercredi","18.41722222222222","293","Sport","Sport End",,,,,,,,,,,,,,,,,,,,,,,,,
"1568903207334","7200000","2019-09-19T16:26:47.334+02:00","262","19","jeudi","16.44638888888889","294","Sport","Sport Str",,,,,,,,,,,,,,,,,,,,,,,,,
"1568904899448","7200000","2019-09-19T16:54:59.448+02:00","262","19","jeudi","16.91638888888889","295","Sport","Sport End",,,,,,,,,,,,,,,,,,,,,,,,,
"1569070583892","7200000","2019-09-21T14:56:23.892+02:00","264","21","samedi","14.939722222222223","296","Sport","Sport Str",,,,,,,,,,,,,,,,,,,,,,,,,
"1569085645250","7200000","2019-09-21T19:07:25.250+02:00","264","21","samedi","19.12361111111111","297","Sport","Sport End",,,,,,,,,,,,,,,,,,,,,,,,,
"1569141012603","7200000","2019-09-22T10:30:12.603+02:00","265","22","dimanche","10.503333333333334","298","Sport","Sport End",,,,,,,,,,,,,,,,,,,,,,,,,
"1569147374843","7200000","2019-09-22T12:16:14.843+02:00","265","22","dimanche","12.270555555555555","299","Sport","Sport Str",,,,,,,,,,,,,,,,,,,,,,,,,
"1569250487415","7200000","2019-09-23T16:54:47.415+02:00","266","23","lundi","16.913055555555555","300","Sport","Sport Str",,,,,,,,,,,,,,,,,,,,,,,,,
"1569252365519","7200000","2019-09-23T17:26:05.519+02:00","266","23","lundi","17.434722222222224","301","Sport","Sport End",,,,,,,,,,,,,,,,,,,,,,,,,
"1569338124790","7200000","2019-09-24T17:15:24.790+02:00","267","24","mardi","17.256666666666668","302","Sport","Sport Str",,,,,,,,,,,,,,,,,,,,,,,,,
"1569339513126","7200000","2019-09-24T17:38:33.126+02:00","267","24","mardi","17.6425","303","Sport","Sport End",,,,,,,,,,,,,,,,,,,,,,,,,
"1569509234113","7200000","2019-09-26T16:47:14.113+02:00","269","26","jeudi","16.787222222222223","304","Sport","Sport Str",,,,,,,,,,,,,,,,,,,,,,,,,
"1569511374982","7200000","2019-09-26T17:22:54.982+02:00","269","26","jeudi","17.381666666666668","305","Sport","Sport End",,,,,,,,,,,,,,,,,,,,,,,,,
"1569591267248","7200000","2019-09-27T15:34:27.248+02:00","270","27","vendredi","15.574166666666667","306","Sport","Sport Str",,,,,,,,,,,,,,,,,,,,,,,,,
"1569599612635","7200000","2019-09-27T17:53:32.635+02:00","270","27","vendredi","17.892222222222223","307","Sport","Sport End",,,,,,,,,,,,,,,,,,,,,,,,,
"1569686625620","7200000","2019-09-28T18:03:45.620+02:00","271","28","samedi","18.0625","308","Sport","Sport Str",,,,,,,,,,,,,,,,,,,,,,,,,
"1569692524437","7200000","2019-09-28T19:42:04.437+02:00","271","28","samedi","19.70111111111111","309","Sport","Sport End",,,,,,,,,,,,,,,,,,,,,,,,,
"1569853200740","7200000","2019-09-30T16:20:00.740+02:00","273","30","lundi","16.333333333333332","310","Sport","Sport Str",,,,,,,,,,,,,,,,,,,,,,,,,
"1569862154379","7200000","2019-09-30T18:49:14.379+02:00","273","30","lundi","18.820555555555554","311","Sport","Sport End",,,,,,,,,,,,,,,,,,,,,,,,,
"1569937759728","7200000","2019-10-01T15:49:19.728+02:00","274","1","mardi","15.821944444444444","312","Sport","Sport Str",,,,,,,,,,,,,,,,,,,,,,,,,
"1569939771467","7200000","2019-10-01T16:22:51.467+02:00","274","1","mardi","16.38083333333333","313","Sport","Sport End",,,,,,,,,,,,,,,,,,,,,,,,,
"1570111408632","7200000","2019-10-03T16:03:28.632+02:00","276","3","jeudi","16.057777777777776","314","Sport","Sport Str",,,,,,,,,,,,,,,,,,,,,,,,,
"1570113993145","7200000","2019-10-03T16:46:33.145+02:00","276","3","jeudi","16.775833333333335","315","Sport","Sport End",,,,,,,,,,,,,,,,,,,,,,,,,
"1570273563122","7200000","2019-10-05T13:06:03.122+02:00","278","5","samedi","13.100833333333334","316","Sport","Sport Str",,,,,,,,,,,,,,,,,,,,,,,,,
"1570279698760","7200000","2019-10-05T14:48:18.760+02:00","278","5","samedi","14.805","317","Sport","Sport End",,,,,,,,,,,,,,,,,,,,,,,,,
"1570521796341","10800000","2019-10-08T11:03:16.341+03:00","281","8","mardi","11.054444444444444","318","Sport","Sport Str",,,,,,,,,,,,,,,,,,,,,,,,,
"1570525008451","10800000","2019-10-08T11:56:48.451+03:00","281","8","mardi","11.946666666666667","319","Sport","Sport End",,,,,,,,,,,,,,,,,,,,,,,,,
"1570536311402","10800000","2019-10-08T15:05:11.402+03:00","281","8","mardi","15.086388888888889","320","Sport","Sport Str",,,,,,,,,,,,,,,,,,,,,,,,,
"1570538808132","10800000","2019-10-08T15:46:48.132+03:00","281","8","mardi","15.78","321","Sport","Sport End",,,,,,,,,,,,,,,,,,,,,,,,,
"1570874159468","28800000","2019-10-12T17:55:59.468+08:00","285","12","samedi","17.933055555555555","322","Sport","Sport Str",,,,,,,,,,,,,,,,,,,,,,,,,
"1570877185434","28800000","2019-10-12T18:46:25.434+08:00","285","12","samedi","18.773611111111112","323","Sport","Sport End",,,,,,,,,,,,,,,,,,,,,,,,,
"1571046179312","28800000","2019-10-14T17:42:59.312+08:00","287","14","lundi","17.71638888888889","324","Sport","Sport Str",,,,,,,,,,,,,,,,,,,,,,,,,
"1571048768459","28800000","2019-10-14T18:26:08.459+08:00","287","14","lundi","18.435555555555556","325","Sport","Sport End",,,,,,,,,,,,,,,,,,,,,,,,,
"1571219050562","28800000","2019-10-16T17:44:10.562+08:00","289","16","mercredi","17.73611111111111","326","Sport","Sport Str",,,,,,,,,,,,,,,,,,,,,,,,,
"1571222138885","28800000","2019-10-16T18:35:38.885+08:00","289","16","mercredi","18.593888888888888","327","Sport","Sport End",,,,,,,,,,,,,,,,,,,,,,,,,
"1571305872767","28800000","2019-10-17T17:51:12.767+08:00","290","17","jeudi","17.85333333333333","328","Sport","Sport Str",,,,,,,,,,,,,,,,,,,,,,,,,
"1571307835759","28800000","2019-10-17T18:23:55.759+08:00","290","17","jeudi","18.398611111111112","329","Sport","Sport End",,,,,,,,,,,,,,,,,,,,,,,,,
"1571390756670","28800000","2019-10-18T17:25:56.670+08:00","291","18","vendredi","17.432222222222222","330","Sport","Sport Str",,,,,,,,,,,,,,,,,,,,,,,,,
"1571393019011","28800000","2019-10-18T18:03:39.011+08:00","291","18","vendredi","18.060833333333335","331","Sport","Sport End",,,,,,,,,,,,,,,,,,,,,,,,,
"1571564636173","28800000","2019-10-20T17:43:56.173+08:00","293","20","dimanche","17.732222222222223","332","Sport","Sport Str",,,,,,,,,,,,,,,,,,,,,,,,,
"1571567997045","28800000","2019-10-20T18:39:57.045+08:00","293","20","dimanche","18.66583333333333","333","Sport","Sport End",,,,,,,,,,,,,,,,,,,,,,,,,
"1571651722198","28800000","2019-10-21T17:55:22.198+08:00","294","21","lundi","17.922777777777778","334","Sport","Sport Str",,,,,,,,,,,,,,,,,,,,,,,,,
"1571654913116","28800000","2019-10-21T18:48:33.116+08:00","294","21","lundi","18.809166666666666","335","Sport","Sport End",,,,,,,,,,,,,,,,,,,,,,,,,
"1571738135709","28800000","2019-10-22T17:55:35.709+08:00","295","22","mardi","17.926388888888887","336","Sport","Sport Str",,,,,,,,,,,,,,,,,,,,,,,,,
"1571740769875","28800000","2019-10-22T18:39:29.875+08:00","295","22","mardi","18.658055555555556","337","Sport","Sport End",,,,,,,,,,,,,,,,,,,,,,,,,
"1571824846096","28800000","2019-10-23T18:00:46.096+08:00","296","23","mercredi","18.012777777777778","338","Sport","Sport Str",,,,,,,,,,,,,,,,,,,,,,,,,
"1571826364636","28800000","2019-10-23T18:26:04.636+08:00","296","23","mercredi","18.434444444444445","339","Sport","Sport End",,,,,,,,,,,,,,,,,,,,,,,,,
"1571910031047","28800000","2019-10-24T17:40:31.047+08:00","297","24","jeudi","17.67527777777778","340","Sport","Sport Str",,,,,,,,,,,,,,,,,,,,,,,,,
"1571913505695","28800000","2019-10-24T18:38:25.695+08:00","297","24","jeudi","18.64027777777778","341","Sport","Sport End",,,,,,,,,,,,,,,,,,,,,,,,,
"1571995893479","28800000","2019-10-25T17:31:33.479+08:00","298","25","vendredi","17.525833333333335","342","Sport","Sport Str",,,,,,,,,,,,,,,,,,,,,,,,,
"1571998217401","28800000","2019-10-25T18:10:17.401+08:00","298","25","vendredi","18.171388888888888","343","Sport","Sport End",,,,,,,,,,,,,,,,,,,,,,,,,
"1572064823954","28800000","2019-10-26T12:40:23.954+08:00","299","26","samedi","12.673055555555555","344","Sport","Sport Str",,,,,,,,,,,,,,,,,,,,,,,,,
"1572068129385","28800000","2019-10-26T13:35:29.385+08:00","299","26","samedi","13.59138888888889","345","Sport","Sport End",,,,,,,,,,,,,,,,,,,,,,,,,
"1572170113009","25200000","2019-10-27T16:55:13.009+07:00","300","27","dimanche","16.920277777777777","346","Sport","Sport Str",,,,,,,,,,,,,,,,,,,,,,,,,
"1572176633682","25200000","2019-10-27T18:43:53.682+07:00","300","27","dimanche","18.73138888888889","347","Sport","Sport End",,,,,,,,,,,,,,,,,,,,,,,,,
